date,state,city,city_ibge_code,place_type,confirmed,deaths,is_last,estimated_population_2019,confirmed_per_100k_inhabitants,death_rate
4/17/20,AC,Acrelândia,1200013,city,12,0,TRUE,15256,78.65758,
4/17/20,AC,Bujari,1200138,city,1,0,TRUE,10266,9.74089,
4/17/20,AC,Cruzeiro do Sul,1200203,city,2,0,TRUE,88376,2.26306,
4/17/20,AC,Plácido de Castro,1200385,city,14,1,TRUE,19761,70.84662,0.0714
4/17/20,AC,Porto Acre,1200807,city,1,0,TRUE,18504,5.40424,
4/17/20,AC,Rio Branco,1200401,city,105,4,TRUE,407319,25.77832,0.0381
4/17/20,AL,Boca da Mata,2701001,city,1,0,TRUE,27281,3.66555,
4/17/20,AL,Maceió,2704302,city,90,5,TRUE,1018948,8.83264,0.0556
4/17/20,AL,Marechal Deodoro,2704708,city,4,1,TRUE,51901,7.70698,0.25
4/17/20,AL,Palmeira dos √çndios,2706307,city,1,0,TRUE,73218,1.36578,
4/17/20,AL,Porto Real do Colégio,2707503,city,1,0,TRUE,20066,4.98355,
4/17/20,AL,Rio Largo,2707701,city,4,0,TRUE,75120,5.32481,
4/17/20,AL,Satuba,2708907,city,1,0,TRUE,13828,7.2317,
4/17/20,AL,União dos Palmares,2709301,city,1,0,TRUE,65611,1.52413,
4/17/20,AM,Anamã,1300086,city,1,0,TRUE,13614,7.34538,
4/17/20,AM,Anori,1300102,city,4,0,TRUE,21010,19.03855,
4/17/20,AM,Boca do Acre,1300706,city,1,0,TRUE,34308,2.91477,
4/17/20,AM,Carauari,1301001,city,1,1,TRUE,28294,3.53432,1
4/17/20,AM,Careiro,1301100,city,6,1,TRUE,37869,15.84409,0.1667
4/17/20,AM,Careiro da Várzea,1301159,city,3,0,TRUE,30225,9.92556,
4/17/20,AM,Coari,1301209,city,2,0,TRUE,85097,2.35026,
4/17/20,AM,Iranduba,1301852,city,18,3,TRUE,48296,37.27017,0.1667
4/17/20,AM,Itacoatiara,1301902,city,17,1,TRUE,101337,16.77571,0.0588
4/17/20,AM,Jutaí,1302306,city,1,0,TRUE,14317,6.9847,
4/17/20,AM,Lábrea,1302405,city,2,0,TRUE,46069,4.34131,
4/17/20,AM,Manacapuru,1302504,city,159,6,TRUE,97377,163.28291,0.0377
4/17/20,AM,Manaus,1302603,city,1531,127,TRUE,2182763,70.14046,0.083
4/17/20,AM,Manicoré,1302702,city,1,1,TRUE,55751,1.79369,1
4/17/20,AM,Maués,1302900,city,3,0,TRUE,63905,4.69447,
4/17/20,AM,Novo Airão,1303205,city,2,1,TRUE,19454,10.28066,0.5
4/17/20,AM,Parintins,1303403,city,11,3,TRUE,114273,9.62607,0.2727
4/17/20,AM,Presidente Figueiredo,1303536,city,6,0,TRUE,36279,16.53849,
4/17/20,AM,Santo Antônio do Içá,1303700,city,11,0,TRUE,21602,50.92121,
4/17/20,AM,São Paulo de Olivença,1303908,city,11,0,TRUE,39299,27.99053,
4/17/20,AM,Tabatinga,1304062,city,3,0,TRUE,65844,4.55622,
4/17/20,AM,Tefé,1304203,city,3,1,TRUE,59849,5.01262,0.3333
4/17/20,AM,Tonantins,1304237,city,12,0,TRUE,18755,63.98294,
4/17/20,AP,Laranjal do Jari,1600279,city,2,0,TRUE,50410,3.96747,
4/17/20,AP,Macapá,1600303,city,312,8,TRUE,503327,61.98753,0.0256
4/17/20,AP,Mazagão,1600402,city,2,0,TRUE,21632,9.24556,
4/17/20,AP,Oiapoque,1600501,city,5,0,TRUE,27270,18.33517,
4/17/20,AP,Porto Grande,1600535,city,1,0,TRUE,21971,4.55145,
4/17/20,AP,Santana,1600600,city,51,2,TRUE,121364,42.02235,0.0392
4/17/20,AP,Vitória do Jari,1600808,city,2,0,TRUE,15931,12.55414,
4/17/20,BA,Abaíra,2900108,city,1,0,TRUE,8739,11.44296,
4/17/20,BA,Adustina,2900355,city,1,1,TRUE,17040,5.86854,1
4/17/20,BA,Aiquara,2900603,city,1,0,TRUE,4446,22.49213,
4/17/20,BA,Alagoinhas,2900702,city,5,0,TRUE,151596,3.29824,
4/17/20,BA,Amélia Rodrigues,2901106,city,1,0,TRUE,25102,3.98375,
4/17/20,BA,Araci,2902104,city,1,1,TRUE,54379,1.83895,1
4/17/20,BA,Aurelino Leal,2902401,city,1,0,TRUE,11531,8.67227,
4/17/20,BA,Barra,2902708,city,2,0,TRUE,53578,3.73288,
4/17/20,BA,Barra do Choça,2902906,city,1,0,TRUE,31603,3.16426,
4/17/20,BA,Barra do Rocha,2903102,city,3,0,TRUE,5714,52.50263,
4/17/20,BA,Barreiras,2903201,city,1,0,TRUE,155439,0.64334,
4/17/20,BA,Belmonte,2903409,city,2,1,TRUE,23328,8.57339,0.5
4/17/20,BA,Bom Jesus da Lapa,2903904,city,0,0,TRUE,69148,,
4/17/20,BA,Brumado,2904605,city,8,0,TRUE,67195,11.90565,
4/17/20,BA,Buerarema,2904704,city,1,0,TRUE,18349,5.44989,
4/17/20,BA,Cachoeira,2904902,city,1,0,TRUE,33470,2.98775,
4/17/20,BA,Camacan,2905602,city,1,0,TRUE,31988,3.12617,
4/17/20,BA,Camaçari,2905701,city,18,0,TRUE,299132,6.01741,
4/17/20,BA,Campo Formoso,2906006,city,1,0,TRUE,71206,1.40438,
4/17/20,BA,Canarana,2906204,city,1,0,TRUE,26176,3.82029,
4/17/20,BA,Canavieiras,2906303,city,3,0,TRUE,31099,9.64661,
4/17/20,BA,Candeias,2906501,city,1,0,TRUE,87076,1.14842,
4/17/20,BA,Cansanção,2906808,city,1,0,TRUE,34834,2.87076,
4/17/20,BA,Capim Grosso,2906873,city,1,0,TRUE,30662,3.26137,
4/17/20,BA,Catu,2907509,city,4,0,TRUE,54704,7.31208,
4/17/20,BA,Coaraci,2908002,city,2,0,TRUE,16993,11.76955,
4/17/20,BA,Conceição do Coité,2908408,city,2,0,TRUE,66612,3.00246,
4/17/20,BA,Conceição do Jacuípe,2908507,city,1,0,TRUE,33153,3.01632,
4/17/20,BA,Conde,2908606,city,1,0,TRUE,25837,3.87042,
4/17/20,BA,Curaçá,2909901,city,1,0,TRUE,34700,2.88184,
4/17/20,BA,Dias d'Ávila,2910057,city,1,0,TRUE,81089,1.23321,
4/17/20,BA,Euclides da Cunha,2910701,city,1,0,TRUE,60585,1.65057,
4/17/20,BA,Eunápolis,2910727,city,4,0,TRUE,113380,3.52796,
4/17/20,BA,Feira de Santana,2910800,city,52,0,TRUE,614872,8.45704,
4/17/20,BA,Floresta Azul,2911006,city,1,0,TRUE,10629,9.40822,
4/17/20,BA,Gandu,2911204,city,1,0,TRUE,32403,3.08613,
4/17/20,BA,Gongogi,2911501,city,2,1,TRUE,7128,28.05836,0.5
4/17/20,BA,Ibirataia,2912905,city,4,0,TRUE,15312,26.1233,
4/17/20,BA,Ibotirama,2913200,city,1,0,TRUE,26927,3.71374,
4/17/20,BA,Ilhéus,2913606,city,60,2,TRUE,162327,36.96243,0.0333
4/17/20,BA,Ipiaú,2913903,city,15,0,TRUE,45873,32.69897,
4/17/20,BA,Irecê,2914604,city,1,0,TRUE,72967,1.37048,
4/17/20,BA,Itabuna,2914802,city,32,0,TRUE,213223,15.00776,
4/17/20,BA,Itagi,2915106,city,1,0,TRUE,12351,8.09651,
4/17/20,BA,Itagibá,2915205,city,4,1,TRUE,14579,27.43672,0.25
4/17/20,BA,Itajuípe,2915502,city,6,0,TRUE,20491,29.28115,
4/17/20,BA,Itamaraju,2915601,city,1,0,TRUE,64486,1.55072,
4/17/20,BA,Itapé,2916203,city,1,1,TRUE,8761,11.41422,1
4/17/20,BA,Itapebi,2916302,city,5,0,TRUE,10259,48.73769,
4/17/20,BA,Itapetinga,2916401,city,5,1,TRUE,76147,6.56625,0.2
4/17/20,BA,Itarantim,2916807,city,1,0,TRUE,19747,5.06406,
4/17/20,BA,Itatim,2916856,city,1,0,TRUE,14487,6.90274,
4/17/20,BA,Itororó,2917102,city,4,0,TRUE,20382,19.62516,
4/17/20,BA,Ituberá,2917300,city,1,0,TRUE,28602,3.49626,
4/17/20,BA,Jaguaquara,2917607,city,2,0,TRUE,54423,3.67492,
4/17/20,BA,Jequié,2918001,city,8,0,TRUE,155966,5.12932,
4/17/20,BA,Juazeiro,2918407,city,5,1,TRUE,216707,2.30726,0.2
4/17/20,BA,Lauro de Freitas,2919207,city,27,3,TRUE,198440,13.60613,0.1111
4/17/20,BA,Luís Eduardo Magalhães,2919553,city,2,0,TRUE,87519,2.28522,
4/17/20,BA,Medeiros Neto,2921104,city,1,0,TRUE,22688,4.40762,
4/17/20,BA,Nova Soure,2922904,city,1,0,TRUE,26947,3.71099,
4/17/20,BA,Ouriçangas,2923308,city,0,0,TRUE,8564,,
4/17/20,BA,Palmeiras,2923506,city,1,0,TRUE,9019,11.0877,
4/17/20,BA,Paramirim,2923605,city,1,0,TRUE,21607,4.62813,
4/17/20,BA,Piripá,2924702,city,1,0,TRUE,10707,9.33968,
4/17/20,BA,Pojuca,2925204,city,1,0,TRUE,39519,2.53043,
4/17/20,BA,Porto Seguro,2925303,city,13,0,TRUE,148686,8.74326,
4/17/20,BA,Prado,2925501,city,4,0,TRUE,28174,14.19749,
4/17/20,BA,Rio do Pires,2926905,city,2,0,TRUE,11655,17.16002,
4/17/20,BA,Salvador,2927408,city,643,18,TRUE,2872347,22.38587,0.028
4/17/20,BA,Santa Cruz Cabrália,2927705,city,6,0,TRUE,27778,21.59983,
4/17/20,BA,Santa Luzia,2928059,city,1,0,TRUE,12597,7.9384,
4/17/20,BA,Santa Maria da Vitória,2928109,city,1,0,TRUE,39845,2.50973,
4/17/20,BA,Santa Teresinha,2928505,city,2,0,TRUE,10405,19.22153,
4/17/20,BA,São Domingos,2928950,city,1,0,TRUE,9058,11.03996,
4/17/20,BA,São Francisco do Conde,2929206,city,2,0,TRUE,39802,5.02487,
4/17/20,BA,Serra do Ramalho,2930154,city,1,0,TRUE,31472,3.17743,
4/17/20,BA,Serrinha,2930501,city,4,0,TRUE,80861,4.94676,
4/17/20,BA,Sim√µes Filho,2930709,city,5,0,TRUE,134377,3.72087,
4/17/20,BA,Taperoá,2931202,city,1,0,TRUE,21074,4.74518,
4/17/20,BA,Teixeira de Freitas,2931350,city,7,0,TRUE,160487,4.36172,
4/17/20,BA,Ubatã,2932309,city,4,0,TRUE,27035,14.79564,
4/17/20,BA,Una,2932507,city,1,0,TRUE,19002,5.2626,
4/17/20,BA,Uruçuca,2932705,city,12,2,TRUE,20519,58.48238,0.1667
4/17/20,BA,Utinga,2932804,city,1,1,TRUE,19178,5.21431,1
4/17/20,BA,Valença,2932903,city,1,0,TRUE,96562,1.0356,
4/17/20,BA,Valente,2933000,city,1,0,TRUE,28473,3.5121,
4/17/20,BA,Vera Cruz,2933208,city,1,0,TRUE,43223,2.31358,
4/17/20,BA,Vitória da Conquista,2933307,city,18,1,TRUE,338480,5.31789,0.0556
4/17/20,CE,Acaraú,2300200,city,1,0,TRUE,62641,1.5964,
4/17/20,CE,Acopiara,2300309,city,2,0,TRUE,54270,3.68528,
4/17/20,CE,Amontada,2300754,city,1,0,TRUE,43452,2.30139,
4/17/20,CE,Aquiraz,2301000,city,38,0,TRUE,80271,47.33964,
4/17/20,CE,Aracati,2301109,city,4,1,TRUE,74547,5.36574,0.25
4/17/20,CE,Aracoiaba,2301208,city,1,0,TRUE,26469,3.778,
4/17/20,CE,Barreira,2301950,city,1,0,TRUE,22425,4.45931,
4/17/20,CE,Barroquinha,2302057,city,1,0,TRUE,15017,6.65912,
4/17/20,CE,Baturité,2302107,city,2,0,TRUE,35750,5.59441,
4/17/20,CE,Beberibe,2302206,city,5,0,TRUE,53573,9.33306,
4/17/20,CE,Bela Cruz,2302305,city,2,0,TRUE,32591,6.13666,
4/17/20,CE,Camocim,2302602,city,1,0,TRUE,63661,1.57082,
4/17/20,CE,Canindé,2302800,city,5,0,TRUE,76997,6.49376,
4/17/20,CE,Capistrano,2302909,city,1,1,TRUE,17738,5.63761,1
4/17/20,CE,Caridade,2303006,city,2,0,TRUE,22547,8.87036,
4/17/20,CE,Cariús,2303303,city,1,1,TRUE,18699,5.34788,1
4/17/20,CE,Cascavel,2303501,city,2,0,TRUE,71743,2.78773,
4/17/20,CE,Catarina,2303600,city,1,0,TRUE,20698,4.83138,
4/17/20,CE,Caucaia,2303709,city,71,5,TRUE,361400,19.64582,0.0704
4/17/20,CE,Chorozinho,2303956,city,2,0,TRUE,20264,9.86972,
4/17/20,CE,Crateús,2304103,city,3,0,TRUE,75074,3.99606,
4/17/20,CE,Crato,2304202,city,4,0,TRUE,132123,3.02748,
4/17/20,CE,Croatá,2304236,city,1,0,TRUE,18063,5.53618,
4/17/20,CE,Eusébio,2304285,city,20,4,TRUE,53618,37.30091,0.2
4/17/20,CE,Farias Brito,2304301,city,1,1,TRUE,19450,5.14139,1
4/17/20,CE,Forquilha,2304350,city,1,0,TRUE,24218,4.12916,
4/17/20,CE,Fortaleza,2304400,city,2300,119,TRUE,2669342,86.16356,0.0517
4/17/20,CE,Fortim,2304459,city,1,0,TRUE,16480,6.06796,
4/17/20,CE,Graça,2304657,city,1,0,TRUE,14399,6.94493,
4/17/20,CE,Granja,2304707,city,1,0,TRUE,54748,1.82655,
4/17/20,CE,Guaiúba,2304954,city,1,0,TRUE,26064,3.83671,
4/17/20,CE,Guaraciaba do Norte,2305001,city,1,0,TRUE,40642,2.46051,
4/17/20,CE,Horizonte,2305233,city,11,1,TRUE,67337,16.33574,0.0909
4/17/20,CE,Ibaretama,2305266,city,1,0,TRUE,13353,7.48895,
4/17/20,CE,Icapuí,2305357,city,1,0,TRUE,19934,5.01655,
4/17/20,CE,Icó,2305407,city,3,0,TRUE,68018,4.4106,
4/17/20,CE,Iguatu,2305506,city,9,4,TRUE,102498,8.78066,0.4444
4/17/20,CE,Independência,2305605,city,3,0,TRUE,26178,11.46,
4/17/20,CE,Ipaporanga,2305654,city,1,0,TRUE,11593,8.62589,
4/17/20,CE,Ipueiras,2305902,city,2,1,TRUE,38166,5.24027,0.5
4/17/20,CE,Itaiçaba,2306207,city,1,0,TRUE,7827,12.77629,
4/17/20,CE,Itaitinga,2306256,city,5,1,TRUE,37980,13.16482,0.2
4/17/20,CE,Itapajé,2306306,city,1,0,TRUE,52675,1.89843,
4/17/20,CE,Itapipoca,2306405,city,2,0,TRUE,129358,1.5461,
4/17/20,CE,Itapiúna,2306504,city,1,0,TRUE,20382,4.90629,
4/17/20,CE,Itarema,2306553,city,1,0,TRUE,41826,2.39086,
4/17/20,CE,Jaguaribe,2306900,city,7,2,TRUE,34682,20.18338,0.2857
4/17/20,CE,Juazeiro do Norte,2307304,city,3,0,TRUE,274207,1.09406,
4/17/20,CE,Lavras da Mangabeira,2307502,city,1,0,TRUE,31508,3.1738,
4/17/20,CE,Limoeiro do Norte,2307601,city,4,2,TRUE,59540,6.71817,0.5
4/17/20,CE,Maracanaú,2307650,city,58,4,TRUE,227886,25.45132,0.069
4/17/20,CE,Maranguape,2307700,city,11,2,TRUE,128978,8.52859,0.1818
4/17/20,CE,Mauriti,2308104,city,1,0,TRUE,47962,2.08498,
4/17/20,CE,Mombaça,2308500,city,6,0,TRUE,43797,13.69957,
4/17/20,CE,Mulungu,2309102,city,1,0,TRUE,10823,9.23958,
4/17/20,CE,Novo Oriente,2309409,city,2,0,TRUE,28607,6.9913,
4/17/20,CE,Orós,2309508,city,1,0,TRUE,21427,4.66701,
4/17/20,CE,Pacajus,2309607,city,4,0,TRUE,72203,5.53994,
4/17/20,CE,Pacatuba,2309706,city,9,0,TRUE,83432,10.78723,
4/17/20,CE,Paracuru,2310209,city,1,0,TRUE,35076,2.85095,
4/17/20,CE,Pedra Branca,2310506,city,2,1,TRUE,43258,4.62342,0.5
4/17/20,CE,Pindoretama,2310852,city,2,0,TRUE,20567,9.72432,
4/17/20,CE,Porteiras,2311108,city,1,0,TRUE,14996,6.66844,
4/17/20,CE,Quiterianópolis,2311264,city,1,0,TRUE,21084,4.74293,
4/17/20,CE,Quixadá,2311306,city,13,0,TRUE,87728,14.81853,
4/17/20,CE,Quixeramobim,2311405,city,2,1,TRUE,81082,2.46664,0.5
4/17/20,CE,Quixeré,2311504,city,2,0,TRUE,22149,9.02975,
4/17/20,CE,Redenção,2311603,city,4,0,TRUE,29053,13.76794,
4/17/20,CE,Reriutaba,2311702,city,1,0,TRUE,18491,5.40804,
4/17/20,CE,Russas,2311801,city,3,0,TRUE,78194,3.83661,
4/17/20,CE,Salitre,2311959,city,1,1,TRUE,16554,6.04084,1
4/17/20,CE,Santana do Acaraú,2312007,city,3,0,TRUE,32452,9.24442,
4/17/20,CE,Santa Quitéria,2312205,city,3,1,TRUE,43703,6.86452,0.3333
4/17/20,CE,São Gonçalo do Amarante,2312403,city,2,1,TRUE,48422,4.13035,0.5
4/17/20,CE,São Luís do Curu,2312601,city,2,0,TRUE,13000,15.38462,
4/17/20,CE,Senador Pompeu,2312700,city,4,0,TRUE,25496,15.68874,
4/17/20,CE,Senador Sá,2312809,city,1,0,TRUE,7623,13.11819,
4/17/20,CE,Sobral,2312908,city,21,0,TRUE,208935,10.05097,
4/17/20,CE,Tabuleiro do Norte,2313104,city,4,0,TRUE,30697,13.03059,
4/17/20,CE,Tauá,2313302,city,4,0,TRUE,58859,6.7959,
4/17/20,CE,Tianguá,2313401,city,2,1,TRUE,75946,2.63345,0.5
4/17/20,CE,Tururu,2313559,city,1,0,TRUE,16271,6.1459,
4/17/20,CE,Várzea Alegre,2314003,city,3,0,TRUE,40721,7.36721,
4/17/20,DF,Brasília,5300108,city,756,24,TRUE,3015268,25.0724,0.0317
4/17/20,GO,Águas Lindas de Goiás,5200258,city,2,0,TRUE,212440,0.94144,
4/17/20,GO,Aloândia,5200506,city,1,0,TRUE,1995,50.12531,
4/17/20,GO,Anápolis,5201108,city,26,0,TRUE,386923,6.71968,
4/17/20,GO,Anhanguera,5201207,city,1,0,TRUE,1149,87.0322,
4/17/20,GO,Aparecida de Goiânia,5201405,city,8,1,TRUE,578179,1.38365,0.125
4/17/20,GO,Aragoiânia,5201801,city,1,0,TRUE,10308,9.7012,
4/17/20,GO,Bela Vista de Goiás,5203302,city,1,0,TRUE,29975,3.33611,
4/17/20,GO,Bom Jesus de Goiás,5203500,city,1,0,TRUE,25216,3.96574,
4/17/20,GO,Caldas Novas,5204508,city,1,0,TRUE,91162,1.09695,
4/17/20,GO,Campestre de Goiás,5204607,city,1,0,TRUE,3630,27.54821,
4/17/20,GO,Carmo do Rio Verde,5205000,city,1,0,TRUE,10082,9.91867,
4/17/20,GO,Catalão,5205109,city,1,0,TRUE,108823,0.91892,
4/17/20,GO,Ceres,5205406,city,1,0,TRUE,22191,4.50633,
4/17/20,GO,Cidade Ocidental,5205497,city,2,0,TRUE,71376,2.80206,
4/17/20,GO,Faina,5207535,city,1,0,TRUE,6627,15.08978,
4/17/20,GO,Formosa,5208004,city,3,0,TRUE,121617,2.46676,
4/17/20,GO,Goiandira,5208509,city,1,1,TRUE,5600,17.85714,1
4/17/20,GO,Goianésia,5208608,city,22,0,TRUE,70084,31.3909,
4/17/20,GO,Goiânia,5208707,city,188,8,TRUE,1516113,12.40013,0.0426
4/17/20,GO,Goianira,5208806,city,1,0,TRUE,44289,2.2579,
4/17/20,GO,Goiatuba,5209101,city,1,0,TRUE,34095,2.93298,
4/17/20,GO,Guapó,5209200,city,1,0,TRUE,14209,7.03779,
4/17/20,GO,Hidrolândia,5209705,city,0,0,TRUE,21706,,
4/17/20,GO,Itaguaru,5210604,city,1,0,TRUE,5237,19.0949,
4/17/20,GO,Itumbiara,5211503,city,8,0,TRUE,104742,7.63781,
4/17/20,GO,Jataí,5211909,city,4,0,TRUE,100882,3.96503,
4/17/20,GO,Luziânia,5212501,city,8,2,TRUE,208299,3.84063,0.25
4/17/20,GO,Montividiu,5213756,city,1,0,TRUE,13396,7.46491,
4/17/20,GO,Morrinhos,5213806,city,0,0,TRUE,46136,,
4/17/20,GO,Nerópolis,5214507,city,1,0,TRUE,29850,3.35008,
4/17/20,GO,Nova Glória,5214861,city,1,0,TRUE,8164,12.2489,
4/17/20,GO,Nova Veneza,5215009,city,1,0,TRUE,9853,10.14919,
4/17/20,GO,Paranaiguara,5216304,city,1,0,TRUE,10057,9.94332,
4/17/20,GO,Paraúna,5216403,city,1,1,TRUE,10988,9.10084,1
4/17/20,GO,Pirenópolis,5217302,city,0,0,TRUE,24908,,
4/17/20,GO,Pires do Rio,5217401,city,3,1,TRUE,31458,9.53652,0.3333
4/17/20,GO,Professor Jamil,5218391,city,4,0,TRUE,3223,124.10797,
4/17/20,GO,Rialma,5218607,city,4,0,TRUE,10918,36.63675,
4/17/20,GO,Rio Verde,5218805,city,13,1,TRUE,235647,5.51673,0.0769
4/17/20,GO,Santo Antônio do Descoberto,5219753,city,1,0,TRUE,74744,1.3379,
4/17/20,GO,São Luís de Montes Belos,5220108,city,2,0,TRUE,33817,5.91419,
4/17/20,GO,Senador Canedo,5220454,city,2,0,TRUE,115371,1.73354,
4/17/20,GO,Silvânia,5220603,city,1,0,TRUE,20695,4.83209,
4/17/20,GO,Trindade,5221403,city,5,0,TRUE,127599,3.91853,
4/17/20,GO,Uruaçu,5221601,city,0,0,TRUE,40532,,
4/17/20,GO,Valparaíso de Goiás,5221858,city,6,1,TRUE,168468,3.56151,0.1667
4/17/20,GO,Vianópolis,5222005,city,1,0,TRUE,13863,7.21345,
4/17/20,MA,Açailândia,2100055,city,1,0,TRUE,112445,0.88932,
4/17/20,MA,Altamira do Maranhão,2100402,city,1,0,TRUE,8128,12.30315,
4/17/20,MA,Bacabal,2101202,city,4,0,TRUE,104949,3.81138,
4/17/20,MA,Bacabeira,2101251,city,1,0,TRUE,17055,5.86338,
4/17/20,MA,Barreirinhas,2101707,city,1,0,TRUE,62528,1.59928,
4/17/20,MA,Cachoeira Grande,2102374,city,1,0,TRUE,9431,10.60333,
4/17/20,MA,Cajapió,2102408,city,1,0,TRUE,11177,8.94694,
4/17/20,MA,Cantanhede,2102705,city,1,0,TRUE,21995,4.54649,
4/17/20,MA,Caxias,2103000,city,2,0,TRUE,164880,1.213,
4/17/20,MA,Chapadinha,2103208,city,2,0,TRUE,79675,2.5102,
4/17/20,MA,Colinas,2103505,city,1,0,TRUE,41178,2.42848,
4/17/20,MA,Davinópolis,2103752,city,1,0,TRUE,12908,7.74713,
4/17/20,MA,Governador Nunes Freire,2104677,city,1,0,TRUE,25577,3.90976,
4/17/20,MA,Icatu,2105104,city,0,0,TRUE,27113,,
4/17/20,MA,Imperatriz,2105302,city,22,2,TRUE,258682,8.50465,0.0909
4/17/20,MA,Itapecuru Mirim,2105401,city,1,0,TRUE,68203,1.46621,
4/17/20,MA,Miranda do Norte,2106755,city,2,0,TRUE,28381,7.04697,
4/17/20,MA,Mirinzal,2106805,city,1,0,TRUE,14962,6.6836,
4/17/20,MA,Morros,2107100,city,1,0,TRUE,19433,5.14589,
4/17/20,MA,Paço do Lumiar,2107506,city,32,2,TRUE,122197,26.18722,0.0625
4/17/20,MA,Raposa,2109452,city,4,0,TRUE,30761,13.00348,
4/17/20,MA,Santa Inês,2109908,city,1,0,TRUE,89044,1.12304,
4/17/20,MA,Santa Rita,2110203,city,5,0,TRUE,37855,13.20829,
4/17/20,MA,São Benedito do Rio Preto,2110401,city,1,0,TRUE,18663,5.3582,
4/17/20,MA,São José de Ribamar,2111201,city,77,2,TRUE,177687,43.33463,0.026
4/17/20,MA,São Luís,2111300,city,862,38,TRUE,1101884,78.22965,0.0441
4/17/20,MA,Timon,2112209,city,4,0,TRUE,169107,2.36537,
4/17/20,MA,Trizidela do Vale,2112233,city,1,0,TRUE,21998,4.54587,
4/17/20,MA,Tuntum,2112308,city,1,0,TRUE,41832,2.39051,
4/17/20,MA,Urbano Santos,2112605,city,3,0,TRUE,33122,9.05742,
4/17/20,MA,Vargem Grande,2112704,city,1,0,TRUE,56510,1.7696,
4/17/20,MA,Viana,2112803,city,1,0,TRUE,52441,1.9069,
4/17/20,MA,Vitória do Mearim,2112902,city,1,0,TRUE,32764,3.05213,
4/17/20,MA,Zé Doca,2114007,city,1,0,TRUE,51714,1.93371,
4/17/20,MG,Abaeté,3100203,city,1,0,TRUE,23237,4.30348,
4/17/20,MG,Alfenas,3101607,city,2,0,TRUE,79996,2.50013,
4/17/20,MG,Almenara,3101706,city,1,0,TRUE,41896,2.38686,
4/17/20,MG,Alpercata,3101805,city,1,0,TRUE,7424,13.46983,
4/17/20,MG,Araguari,3103504,city,7,0,TRUE,117267,5.96928,
4/17/20,MG,Araxá,3104007,city,2,0,TRUE,106229,1.88273,
4/17/20,MG,Arcos,3104205,city,7,0,TRUE,40092,17.45984,
4/17/20,MG,Barbacena,3105608,city,3,0,TRUE,137313,2.18479,
4/17/20,MG,Belmiro Braga,3106101,city,1,1,TRUE,3429,29.16302,1
4/17/20,MG,Belo Horizonte,3106200,city,406,8,TRUE,2512070,16.16197,0.0197
4/17/20,MG,Betim,3106705,city,9,0,TRUE,439340,2.04853,
4/17/20,MG,Boa Esperança,3107109,city,6,0,TRUE,40127,14.95253,
4/17/20,MG,Bom Despacho,3107406,city,1,0,TRUE,50605,1.97609,
4/17/20,MG,Bonfim,3108107,city,1,1,TRUE,6868,14.56028,1
4/17/20,MG,Borda da Mata,3108305,city,2,0,TRUE,19412,10.30291,
4/17/20,MG,Botelhos,3108404,city,1,0,TRUE,14971,6.67958,
4/17/20,MG,Caeté,3110004,city,1,0,TRUE,44718,2.23624,
4/17/20,MG,Camanducaia,3110509,city,2,0,TRUE,21770,9.18695,
4/17/20,MG,Cambuí,3110608,city,7,0,TRUE,29551,23.68786,
4/17/20,MG,Cambuquira,3110707,city,1,0,TRUE,12814,7.80396,
4/17/20,MG,Campo Belo,3111200,city,3,0,TRUE,54029,5.55257,
4/17/20,MG,Campos Altos,3111507,city,1,0,TRUE,15461,6.46789,
4/17/20,MG,Campos Gerais,3111606,city,1,0,TRUE,28774,3.47536,
4/17/20,MG,Capitólio,3112802,city,1,0,TRUE,8632,11.5848,
4/17/20,MG,Carangola,3113305,city,1,0,TRUE,33000,3.0303,
4/17/20,MG,Carmo da Cachoeira,3113909,city,1,0,TRUE,12170,8.21693,
4/17/20,MG,Carmo do Cajuru,3114204,city,2,0,TRUE,22478,8.89759,
4/17/20,MG,Cataguases,3115300,city,1,0,TRUE,75123,1.33115,
4/17/20,MG,Centralina,3115805,city,1,0,TRUE,10350,9.66184,
4/17/20,MG,Conceição das Alagoas,3117306,city,2,0,TRUE,27893,7.17026,
4/17/20,MG,Conselheiro Lafaiete,3118304,city,1,0,TRUE,128589,0.77767,
4/17/20,MG,Contagem,3118601,city,31,0,TRUE,663855,4.66969,
4/17/20,MG,Coromandel,3119302,city,2,0,TRUE,27974,7.1495,
4/17/20,MG,Coronel Fabriciano,3119401,city,3,0,TRUE,109855,2.73087,
4/17/20,MG,Divinésia,3121902,city,1,0,TRUE,3417,29.26544,
4/17/20,MG,Divinópolis,3122306,city,36,1,TRUE,238230,15.11145,0.0278
4/17/20,MG,Esmeraldas,3124104,city,1,0,TRUE,70552,1.41739,
4/17/20,MG,Espinosa,3124302,city,0,0,TRUE,31617,,
4/17/20,MG,Extrema,3125101,city,10,0,TRUE,36225,27.60524,
4/17/20,MG,Ferros,3125903,city,3,0,TRUE,9820,30.5499,
4/17/20,MG,Formiga,3126109,city,0,0,TRUE,67683,,
4/17/20,MG,Frutal,3127107,city,2,0,TRUE,59496,3.36157,
4/17/20,MG,Goianá,3127388,city,3,0,TRUE,3966,75.64297,
4/17/20,MG,Governador Valadares,3127701,city,5,2,TRUE,279885,1.78645,0.4
4/17/20,MG,Guaranésia,3128303,city,1,0,TRUE,19021,5.25735,
4/17/20,MG,Guaxupé,3128709,city,1,0,TRUE,51917,1.92615,
4/17/20,MG,Guimarânia,3128907,city,1,0,TRUE,8039,12.43936,
4/17/20,MG,Ibirité,3129806,city,4,0,TRUE,180204,2.21971,
4/17/20,MG,Ipaba,3131158,city,2,0,TRUE,18607,10.74864,
4/17/20,MG,Ipatinga,3131307,city,6,0,TRUE,263410,2.27782,
4/17/20,MG,Ipuiúna,3131505,city,1,0,TRUE,10079,9.92162,
4/17/20,MG,Itabira,3131703,city,5,1,TRUE,120060,4.16458,0.2
4/17/20,MG,Itaguara,3132206,city,1,0,TRUE,13358,7.48615,
4/17/20,MG,Itajubá,3132404,city,2,0,TRUE,96869,2.06464,
4/17/20,MG,Itanhandu,3133105,city,2,0,TRUE,15331,13.04546,
4/17/20,MG,Itapecerica,3133501,city,3,0,TRUE,21762,13.7855,
4/17/20,MG,Itapeva,3133600,city,1,0,TRUE,9783,10.22181,
4/17/20,MG,Itaúna,3133808,city,1,0,TRUE,93214,1.0728,
4/17/20,MG,Ituiutaba,3134202,city,1,0,TRUE,104671,0.95537,
4/17/20,MG,Jaboticatubas,3134608,city,1,0,TRUE,20143,4.9645,
4/17/20,MG,Janaúba,3135100,city,3,0,TRUE,71648,4.18714,
4/17/20,MG,Jeceaba,3135407,city,1,0,TRUE,4912,20.35831,
4/17/20,MG,João Monlevade,3136207,city,1,0,TRUE,79910,1.25141,
4/17/20,MG,Juiz de Fora,3136702,city,84,2,TRUE,568873,14.76604,0.0238
4/17/20,MG,Lagoa da Prata,3137205,city,14,0,TRUE,52165,26.83792,
4/17/20,MG,Lavras,3138203,city,4,0,TRUE,103773,3.85457,
4/17/20,MG,Leopoldina,3138401,city,1,0,TRUE,52587,1.90161,
4/17/20,MG,Machado,3139003,city,2,0,TRUE,42133,4.74687,
4/17/20,MG,Manhuaçu,3139409,city,2,0,TRUE,90229,2.21658,
4/17/20,MG,Mariana,3140001,city,6,1,TRUE,60724,9.88077,0.1667
4/17/20,MG,Mário Campos,3140159,city,1,0,TRUE,15416,6.48677,
4/17/20,MG,Marliéria,3140308,city,1,0,TRUE,4039,24.7586,
4/17/20,MG,Matias Barbosa,3140803,city,0,0,TRUE,14468,,
4/17/20,MG,Matozinhos,3141108,city,1,0,TRUE,37820,2.6441,
4/17/20,MG,Monte Azul,3142908,city,1,0,TRUE,20854,4.79524,
4/17/20,MG,Monte Carmelo,3143104,city,5,0,TRUE,47809,10.45828,
4/17/20,MG,Montes Claros,3143302,city,4,1,TRUE,409341,0.97718,0.25
4/17/20,MG,Munhoz,3143807,city,3,0,TRUE,6029,49.7595,
4/17/20,MG,Muriaé,3143906,city,4,0,TRUE,108763,3.67772,
4/17/20,MG,Nanuque,3144300,city,2,1,TRUE,40750,4.90798,0.5
4/17/20,MG,Nova Lima,3144805,city,45,0,TRUE,94889,47.42383,
4/17/20,MG,Nova Serrana,3145208,city,1,0,TRUE,102693,0.97378,
4/17/20,MG,Novo Cruzeiro,3145307,city,1,0,TRUE,31331,3.19173,
4/17/20,MG,Ouro Fino,3146008,city,1,1,TRUE,33639,2.97274,1
4/17/20,MG,Paracatu,3147006,city,4,0,TRUE,93158,4.29378,
4/17/20,MG,Pará de Minas,3147105,city,4,0,TRUE,93969,4.25672,
4/17/20,MG,Paraisópolis,3147303,city,4,2,TRUE,21083,18.97263,0.5
4/17/20,MG,Passos,3147907,city,1,0,TRUE,114679,0.872,
4/17/20,MG,Patos de Minas,3148004,city,8,1,TRUE,152488,5.24631,0.125
4/17/20,MG,Patrocínio,3148103,city,9,1,TRUE,90757,9.91659,0.1111
4/17/20,MG,Perd√µes,3149903,city,1,0,TRUE,21390,4.67508,
4/17/20,MG,Pirapetinga,3151107,city,1,0,TRUE,10752,9.3006,
4/17/20,MG,Pirapora,3151206,city,2,0,TRUE,56428,3.54434,
4/17/20,MG,Piumhi,3151503,city,2,1,TRUE,34691,5.76518,0.5
4/17/20,MG,Poços de Caldas,3151800,city,4,0,TRUE,167397,2.38953,
4/17/20,MG,Pouso Alegre,3152501,city,17,2,TRUE,150737,11.27792,0.1176
4/17/20,MG,Ribeirão das Neves,3154606,city,2,0,TRUE,334858,0.59727,
4/17/20,MG,Sabará,3156700,city,8,0,TRUE,136344,5.86751,
4/17/20,MG,Santa Luzia,3157807,city,4,0,TRUE,219134,1.82537,
4/17/20,MG,Santa Maria de Itabira,3158003,city,1,0,TRUE,10847,9.21914,
4/17/20,MG,Santana do Paraíso,3158953,city,1,0,TRUE,34663,2.88492,
4/17/20,MG,Santo Antônio do Monte,3160405,city,3,0,TRUE,28243,10.6221,
4/17/20,MG,São Brás do Suaçuí,3160900,city,1,0,TRUE,3738,26.75227,
4/17/20,MG,São Gotardo,3162104,city,1,0,TRUE,35469,2.81936,
4/17/20,MG,São João del Rei,3162500,city,4,0,TRUE,90082,4.4404,
4/17/20,MG,São João Nepomuceno,3162906,city,1,0,TRUE,26361,3.79348,
4/17/20,MG,São Lourenço,3163706,city,2,0,TRUE,45851,4.36196,
4/17/20,MG,São Sebastião do Paraíso,3164704,city,1,0,TRUE,70956,1.40932,
4/17/20,MG,São Tomás de Aquino,3165107,city,1,1,TRUE,7021,14.24299,1
4/17/20,MG,Sarzedo,3165537,city,1,0,TRUE,32752,3.05325,
4/17/20,MG,Senador Amaral,3165578,city,4,0,TRUE,5356,74.6826,
4/17/20,MG,Serra do Salitre,3166808,city,1,0,TRUE,11582,8.63409,
4/17/20,MG,Sete Lagoas,3167202,city,4,0,TRUE,239639,1.66918,
4/17/20,MG,Timóteo,3168705,city,8,0,TRUE,89842,8.90452,
4/17/20,MG,Toledo,3169109,city,3,0,TRUE,6258,47.93864,
4/17/20,MG,Ubá,3169901,city,4,0,TRUE,115552,3.46164,
4/17/20,MG,Uberaba,3170107,city,22,2,TRUE,333783,6.59111,0.0909
4/17/20,MG,Uberlândia,3170206,city,66,4,TRUE,691305,9.54716,0.0606
4/17/20,MG,Unaí,3170404,city,1,0,TRUE,84378,1.18514,
4/17/20,MG,Varginha,3170701,city,11,1,TRUE,135558,8.11461,0.0909
4/17/20,MG,Vazante,3171006,city,2,0,TRUE,20590,9.71345,
4/17/20,MS,Alcinópolis,5000252,city,1,0,TRUE,5343,18.71608,
4/17/20,MS,Batayporã,5002001,city,6,2,TRUE,11329,52.96143,0.3333
4/17/20,MS,Campo Grande,5002704,city,71,2,TRUE,895982,7.92427,0.0282
4/17/20,MS,Chapadão do Sul,5002951,city,7,0,TRUE,25218,27.75795,
4/17/20,MS,Corumbá,5003207,city,1,0,TRUE,111435,0.89738,
4/17/20,MS,Coxim,5003306,city,1,0,TRUE,33543,2.98125,
4/17/20,MS,Dourados,5003702,city,11,0,TRUE,222949,4.93386,
4/17/20,MS,Miranda,5005608,city,1,0,TRUE,28013,3.56977,
4/17/20,MS,Mundo Novo,5005681,city,2,0,TRUE,18366,10.88969,
4/17/20,MS,Naviraí,5005707,city,1,0,TRUE,54878,1.82222,
4/17/20,MS,Nova Andradina,5006200,city,11,0,TRUE,54374,20.23026,
4/17/20,MS,Paranaíba,5006309,city,2,0,TRUE,42148,4.74518,
4/17/20,MS,Ponta Porã,5006606,city,1,0,TRUE,92526,1.08078,
4/17/20,MS,Rio Verde de Mato Grosso,5007406,city,1,0,TRUE,19746,5.06432,
4/17/20,MS,Sidrolândia,5007901,city,1,0,TRUE,57665,1.73415,
4/17/20,MS,Sonora,5007935,city,9,0,TRUE,19274,46.69503,
4/17/20,MS,Três Lagoas,5008305,city,16,1,TRUE,121388,13.18087,0.0625
4/17/20,MT,Alta Floresta,5100250,city,1,0,TRUE,51782,1.93117,
4/17/20,MT,Aripuanã,5101407,city,2,1,TRUE,22354,8.94694,0.5
4/17/20,MT,Cáceres,5102504,city,2,1,TRUE,94376,2.11918,0.5
4/17/20,MT,Campo Novo do Parecis,5102637,city,1,0,TRUE,35360,2.82805,
4/17/20,MT,Canarana,5102702,city,1,0,TRUE,21579,4.63414,
4/17/20,MT,Chapada dos Guimarães,5103007,city,0,0,TRUE,19752,,
4/17/20,MT,Conquista D'Oeste,5103361,city,1,0,TRUE,4038,24.76474,
4/17/20,MT,Cuiabá,5103403,city,88,1,TRUE,612547,14.36624,0.0114
4/17/20,MT,Lambari D'Oeste,5105234,city,1,0,TRUE,6121,16.3372,
4/17/20,MT,Lucas do Rio Verde,5105259,city,1,1,TRUE,65534,1.52593,1
4/17/20,MT,Nova Monte Verde,5108956,city,1,0,TRUE,9178,10.89562,
4/17/20,MT,Nova Mutum,5106224,city,1,0,TRUE,45378,2.20371,
4/17/20,MT,Pontes e Lacerda,5106752,city,1,0,TRUE,45436,2.2009,
4/17/20,MT,Primavera do Leste,5107040,city,4,0,TRUE,62019,6.44964,
4/17/20,MT,Rondonópolis,5107602,city,24,1,TRUE,232491,10.32298,0.0417
4/17/20,MT,São José dos Quatro Marcos,5107107,city,4,0,TRUE,18906,21.1573,
4/17/20,MT,Sinop,5107909,city,12,0,TRUE,142996,8.39184,
4/17/20,MT,Tangará da Serra,5107958,city,5,0,TRUE,103750,4.81928,
4/17/20,MT,União do Sul,5108303,city,1,0,TRUE,3525,28.36879,
4/17/20,MT,Várzea Grande,5108402,city,7,0,TRUE,284971,2.45639,
4/17/20,PA,Abaetetuba,1500107,city,6,0,TRUE,157698,3.80474,
4/17/20,PA,Acará,1500206,city,1,0,TRUE,55591,1.79885,
4/17/20,PA,Afuá,1500305,city,1,0,TRUE,39218,2.54985,
4/17/20,PA,Altamira,1500602,city,3,0,TRUE,114594,2.61794,
4/17/20,PA,Ananindeua,1500800,city,67,1,TRUE,530598,12.62726,0.0149
4/17/20,PA,Barcarena,1501303,city,3,0,TRUE,124680,2.40616,
4/17/20,PA,Belém,1501402,city,435,22,TRUE,1492745,29.14095,0.0506
4/17/20,PA,Benevides,1501501,city,6,0,TRUE,62737,9.56373,
4/17/20,PA,Bragança,1501709,city,3,0,TRUE,127686,2.34951,
4/17/20,PA,Bujaru,1501907,city,1,0,TRUE,29132,3.43265,
4/17/20,PA,Cachoeira do Arari,1502004,city,1,0,TRUE,23767,4.20751,
4/17/20,PA,Cametá,1502103,city,1,1,TRUE,137890,0.72522,1
4/17/20,PA,Canaã dos Carajás,1502152,city,1,1,TRUE,37085,2.69651,1
4/17/20,PA,Capanema,1502202,city,1,0,TRUE,69027,1.44871,
4/17/20,PA,Capitão Poço,1502301,city,1,0,TRUE,54303,1.84152,
4/17/20,PA,Castanhal,1502400,city,8,0,TRUE,200793,3.9842,
4/17/20,PA,Conceição do Araguaia,1502707,city,1,0,TRUE,47864,2.08925,
4/17/20,PA,Curralinho,1502806,city,1,0,TRUE,34448,2.90293,
4/17/20,PA,Goianésia do Pará,1503093,city,1,0,TRUE,40475,2.47066,
4/17/20,PA,Itaituba,1503606,city,5,0,TRUE,101247,4.93842,
4/17/20,PA,Juruti,1503903,city,3,0,TRUE,57943,5.1775,
4/17/20,PA,Marabá,1504208,city,5,0,TRUE,279349,1.78988,
4/17/20,PA,Marapanim,1504406,city,1,0,TRUE,28336,3.52908,
4/17/20,PA,Marituba,1504422,city,11,1,TRUE,131521,8.36368,0.0909
4/17/20,PA,Monte Alegre,1504802,city,1,0,TRUE,58032,1.72319,
4/17/20,PA,Muaná,1504901,city,2,0,TRUE,40349,4.95675,
4/17/20,PA,Nova Ipixuna,1504976,city,1,0,TRUE,16678,5.99592,
4/17/20,PA,Novo Progresso,1505031,city,2,0,TRUE,25762,7.76337,
4/17/20,PA,√ìbidos,1505106,city,1,0,TRUE,52137,1.91802,
4/17/20,PA,Oeiras do Pará,1505205,city,1,0,TRUE,32512,3.07579,
4/17/20,PA,Parauapebas,1505536,city,15,2,TRUE,208273,7.20209,0.1333
4/17/20,PA,Primavera,1506104,city,1,0,TRUE,10825,9.23788,
4/17/20,PA,Quatipuru,1506112,city,1,0,TRUE,13608,7.34862,
4/17/20,PA,Rondon do Pará,1506187,city,2,1,TRUE,52357,3.81993,0.5
4/17/20,PA,Salinópolis,1506203,city,1,0,TRUE,40675,2.45851,
4/17/20,PA,Santa Bárbara do Pará,1506351,city,2,0,TRUE,21079,9.48812,
4/17/20,PA,Santarém,1506807,city,20,2,TRUE,304589,6.56623,0.1
4/17/20,PA,Santo Antônio do Tauá,1507003,city,3,0,TRUE,31482,9.52925,
4/17/20,PA,São Geraldo do Araguaia,1507458,city,1,0,TRUE,24847,4.02463,
4/17/20,PA,São Miguel do Guamá,1507607,city,2,1,TRUE,58986,3.39064,0.5
4/17/20,PA,Tucumã,1508084,city,1,0,TRUE,39602,2.52512,
4/17/20,PA,Tucuruí,1508100,city,2,0,TRUE,113659,1.75965,
4/17/20,PA,Vigia,1508209,city,1,0,TRUE,53686,1.86268,
4/17/20,PB,Bayeux,2501807,city,6,1,TRUE,96880,6.19323,0.1667
4/17/20,PB,Cabedelo,2503209,city,8,2,TRUE,67736,11.81056,0.25
4/17/20,PB,Campina Grande,2504009,city,8,1,TRUE,409731,1.9525,0.125
4/17/20,PB,Igaracy,2502607,city,1,0,TRUE,6117,16.34788,
4/17/20,PB,João Pessoa,2507507,city,148,17,TRUE,809015,18.29385,0.1149
4/17/20,PB,Junco do Seridó,2507804,city,3,1,TRUE,7150,41.95804,0.3333
4/17/20,PB,Patos,2510808,city,5,2,TRUE,107605,4.64662,0.4
4/17/20,PB,Pombal,2512101,city,2,0,TRUE,32801,6.09738,
4/17/20,PB,Riachão do Poço,2512762,city,1,1,TRUE,4509,22.17787,1
4/17/20,PB,Santa Rita,2513703,city,17,1,TRUE,136586,12.44637,0.0588
4/17/20,PB,São Bento,2513901,city,1,0,TRUE,34031,2.9385,
4/17/20,PB,São João do Rio do Peixe,2500700,city,1,0,TRUE,18034,5.54508,
4/17/20,PB,Sapé,2515302,city,1,1,TRUE,52625,1.90024,1
4/17/20,PB,Serra Branca,2515500,city,1,0,TRUE,13699,7.2998,
4/17/20,PB,Sousa,2516201,city,1,0,TRUE,69444,1.44001,
4/17/20,PB,Taperoá,2516508,city,1,1,TRUE,15376,6.50364,1
4/17/20,PE,Abreu e Lima,2600054,city,18,0,TRUE,99990,18.0018,
4/17/20,PE,Aliança,2600708,city,5,1,TRUE,38386,13.02558,0.2
4/17/20,PE,Amaraji,2600906,city,1,1,TRUE,22829,4.38039,1
4/17/20,PE,Araçoiaba,2601052,city,2,0,TRUE,20524,9.74469,
4/17/20,PE,Arcoverde,2601201,city,7,2,TRUE,74338,9.41645,0.2857
4/17/20,PE,Belo Jardim,2601706,city,2,0,TRUE,76439,2.61647,
4/17/20,PE,Bezerros,2601904,city,1,0,TRUE,60798,1.64479,
4/17/20,PE,Bom Conselho,2602100,city,2,1,TRUE,48554,4.11913,0.5
4/17/20,PE,Bom Jardim,2602209,city,3,1,TRUE,39184,7.65619,0.3333
4/17/20,PE,Cabo de Santo Agostinho,2602902,city,21,10,TRUE,207048,10.14258,0.4762
4/17/20,PE,Cachoeirinha,2603108,city,8,0,TRUE,20380,39.25417,
4/17/20,PE,Camaragibe,2603454,city,80,7,TRUE,157828,50.68809,0.0875
4/17/20,PE,Capoeiras,2603801,city,1,0,TRUE,20048,4.98803,
4/17/20,PE,Carnaíba,2603900,city,1,1,TRUE,19551,5.11483,1
4/17/20,PE,Carpina,2604007,city,2,0,TRUE,83641,2.39117,
4/17/20,PE,Caruaru,2604106,city,13,1,TRUE,361118,3.59993,0.0769
4/17/20,PE,Catende,2604205,city,2,1,TRUE,42892,4.66287,0.5
4/17/20,PE,Chã de Alegria,2604403,city,2,0,TRUE,13518,14.79509,
4/17/20,PE,Chã Grande,2604502,city,3,0,TRUE,21698,13.82616,
4/17/20,PE,Cupira,2605004,city,1,0,TRUE,24107,4.14817,
4/17/20,PE,Escada,2605202,city,2,0,TRUE,68875,2.90381,
4/17/20,PE,Feira Nova,2605400,city,2,0,TRUE,22131,9.0371,
4/17/20,PE,Fernando de Noronha,2605459,city,24,0,TRUE,3061,784.0575,
4/17/20,PE,Frei Miguelinho,2605806,city,2,0,TRUE,15457,12.93912,
4/17/20,PE,Gameleira,2605905,city,1,1,TRUE,31052,3.2204,1
4/17/20,PE,Garanhuns,2606002,city,6,1,TRUE,139788,4.29221,0.1667
4/17/20,PE,Glória do Goitá,2606101,city,2,0,TRUE,30604,6.53509,
4/17/20,PE,Goiana,2606200,city,6,3,TRUE,79758,7.52276,0.5
4/17/20,PE,Gravatá,2606408,city,1,0,TRUE,84074,1.18943,
4/17/20,PE,Igarassu,2606804,city,15,3,TRUE,117019,12.81843,0.2
4/17/20,PE,Ilha de Itamaracá,2607604,city,4,0,TRUE,26258,15.23345,
4/17/20,PE,Ipojuca,2607208,city,7,1,TRUE,96204,7.2762,0.1429
4/17/20,PE,Ipubi,2607307,city,2,0,TRUE,30854,6.48214,
4/17/20,PE,Itapissuma,2607752,city,2,0,TRUE,26651,7.50441,
4/17/20,PE,Jaboatão dos Guararapes,2607901,city,139,14,TRUE,702298,19.79217,0.1007
4/17/20,PE,João Alfredo,2608107,city,4,0,TRUE,33822,11.82662,
4/17/20,PE,Lagoa de Itaenga,2608503,city,1,0,TRUE,21429,4.66657,
4/17/20,PE,Lagoa do Carro,2608453,city,2,1,TRUE,18071,11.06746,0.5
4/17/20,PE,Lagoa dos Gatos,2608701,city,1,1,TRUE,16290,6.13874,1
4/17/20,PE,Limoeiro,2608909,city,8,3,TRUE,56250,14.22222,0.375
4/17/20,PE,Macaparana,2609006,city,1,1,TRUE,25376,3.94073,1
4/17/20,PE,Machados,2609105,city,2,0,TRUE,16088,12.43163,
4/17/20,PE,Moreno,2609402,city,6,2,TRUE,62784,9.55657,0.3333
4/17/20,PE,Olinda,2609600,city,185,13,TRUE,392482,47.13592,0.0703
4/17/20,PE,Palmares,2610004,city,4,2,TRUE,63250,6.32411,0.5
4/17/20,PE,Passira,2610509,city,1,0,TRUE,28933,3.45626,
4/17/20,PE,Paudalho,2610608,city,10,3,TRUE,56506,17.69724,0.3
4/17/20,PE,Paulista,2610707,city,122,4,TRUE,331774,36.77202,0.0328
4/17/20,PE,Pesqueira,2610905,city,1,0,TRUE,67395,1.48379,
4/17/20,PE,Petrolina,2611101,city,6,0,TRUE,349145,1.71848,
4/17/20,PE,Pombos,2611309,city,4,1,TRUE,27091,14.76505,0.25
4/17/20,PE,Quipapá,2611507,city,1,0,TRUE,26037,3.84069,
4/17/20,PE,Recife,2611606,city,1136,85,TRUE,1645727,69.02724,0.0748
4/17/20,PE,Ribeirão,2611804,city,1,0,TRUE,47415,2.10904,
4/17/20,PE,Rio Formoso,2611903,city,1,0,TRUE,23535,4.24899,
4/17/20,PE,Salgueiro,2612208,city,6,0,TRUE,60930,9.84737,
4/17/20,PE,Sanharó,2612406,city,1,0,TRUE,26462,3.779,
4/17/20,PE,Santa Cruz do Capibaribe,2612505,city,2,0,TRUE,107937,1.85293,
4/17/20,PE,São Bento do Una,2613008,city,1,0,TRUE,59504,1.68056,
4/17/20,PE,São Caitano,2613107,city,4,0,TRUE,37245,10.7397,
4/17/20,PE,São José da Coroa Grande,2613404,city,1,1,TRUE,21298,4.69528,1
4/17/20,PE,São José do Egito,2613602,city,1,0,TRUE,33951,2.94542,
4/17/20,PE,São Lourenço da Mata,2613701,city,61,13,TRUE,113230,53.87265,0.2131
4/17/20,PE,São Vicente Ferrer,2613800,city,1,0,TRUE,18018,5.55001,
4/17/20,PE,Serra Talhada,2613909,city,4,0,TRUE,86350,4.63231,
4/17/20,PE,Sertânia,2614105,city,1,1,TRUE,35907,2.78497,1
4/17/20,PE,Surubim,2614501,city,1,0,TRUE,65089,1.53636,
4/17/20,PE,Timbaúba,2615300,city,4,1,TRUE,53022,7.54404,0.25
4/17/20,PE,Toritama,2615409,city,1,0,TRUE,45219,2.21146,
4/17/20,PE,Tracunhaém,2615508,city,2,0,TRUE,13769,14.52538,
4/17/20,PE,Triunfo,2615706,city,2,0,TRUE,15254,13.11132,
4/17/20,PE,Vertentes,2616209,city,1,0,TRUE,20731,4.82369,
4/17/20,PE,Vitória de Santo Antão,2616407,city,15,4,TRUE,138757,10.81027,0.2667
4/17/20,PI,Altos,2200400,city,1,0,TRUE,40524,2.46767,
4/17/20,PI,Bom Princípio do Piauí,2201919,city,1,1,TRUE,5630,17.76199,1
4/17/20,PI,Bonfim do Piauí,2201929,city,1,0,TRUE,5670,17.63668,
4/17/20,PI,Campo Maior,2202208,city,2,0,TRUE,46833,4.27049,
4/17/20,PI,Caracol,2202505,city,1,0,TRUE,10916,9.16086,
4/17/20,PI,Demerval Lobão,2203305,city,1,0,TRUE,13817,7.23746,
4/17/20,PI,Esperantina,2203701,city,1,0,TRUE,39737,2.51655,
4/17/20,PI,Francinópolis,2204006,city,1,0,TRUE,5348,18.69858,
4/17/20,PI,Inhuma,2204709,city,1,0,TRUE,15308,6.53253,
4/17/20,PI,Luís Correia,2205706,city,2,0,TRUE,30311,6.59826,
4/17/20,PI,Parnaíba,2207702,city,6,1,TRUE,153078,3.91957,0.1667
4/17/20,PI,Picos,2208007,city,1,0,TRUE,78222,1.27841,
4/17/20,PI,Pimenteiras,2208106,city,1,0,TRUE,12127,8.24606,
4/17/20,PI,Piracuruca,2208304,city,4,1,TRUE,28791,13.89323,0.25
4/17/20,PI,São José do Divino,2210052,city,3,1,TRUE,5346,56.11672,0.3333
4/17/20,PI,São José do Piauí,2210201,city,1,0,TRUE,6705,14.91424,
4/17/20,PI,São Raimundo Nonato,2210607,city,1,0,TRUE,34710,2.88101,
4/17/20,PI,Teresina,2211001,city,94,5,TRUE,864845,10.869,0.0532
4/17/20,RJ,Angra dos Reis,3300100,city,8,0,TRUE,203785,3.92571,
4/17/20,RJ,Araruama,3300209,city,11,1,TRUE,132400,8.30816,0.0909
4/17/20,RJ,Areal,3300225,city,1,0,TRUE,12572,7.95418,
4/17/20,RJ,Armação dos Búzios,3300233,city,1,0,TRUE,33870,2.95247,
4/17/20,RJ,Arraial do Cabo,3300258,city,3,1,TRUE,30349,9.885,0.3333
4/17/20,RJ,Barra do Piraí,3300308,city,11,2,TRUE,100374,10.95901,0.1818
4/17/20,RJ,Barra Mansa,3300407,city,13,1,TRUE,184412,7.04943,0.0769
4/17/20,RJ,Belford Roxo,3300456,city,58,4,TRUE,510906,11.35238,0.069
4/17/20,RJ,Bom Jardim,3300506,city,2,0,TRUE,27446,7.28704,
4/17/20,RJ,Bom Jesus do Itabapoana,3300605,city,5,1,TRUE,37096,13.47854,0.2
4/17/20,RJ,Cabo Frio,3300704,city,8,0,TRUE,226525,3.53162,
4/17/20,RJ,Cachoeiras de Macacu,3300803,city,3,1,TRUE,58937,5.09018,0.3333
4/17/20,RJ,Campos dos Goytacazes,3301009,city,6,0,TRUE,507548,1.18215,
4/17/20,RJ,Cantagalo,3301108,city,1,0,TRUE,20172,4.95737,
4/17/20,RJ,Carapebus,3300936,city,1,0,TRUE,16301,6.13459,
4/17/20,RJ,Casimiro de Abreu,3301306,city,6,0,TRUE,44184,13.57958,
4/17/20,RJ,Duque de Caxias,3301702,city,141,23,TRUE,919596,15.33282,0.1631
4/17/20,RJ,Guapimirim,3301850,city,3,0,TRUE,60517,4.95728,
4/17/20,RJ,Iguaba Grande,3301876,city,6,2,TRUE,28310,21.19392,0.3333
4/17/20,RJ,Itaboraí,3301900,city,33,4,TRUE,240592,13.71617,0.1212
4/17/20,RJ,Itaguaí,3302007,city,7,2,TRUE,133019,5.26241,0.2857
4/17/20,RJ,Itaperuna,3302205,city,3,0,TRUE,103224,2.9063,
4/17/20,RJ,Itatiaia,3302254,city,1,0,TRUE,31805,3.14416,
4/17/20,RJ,Japeri,3302270,city,5,1,TRUE,104768,4.77245,0.2
4/17/20,RJ,Macaé,3302403,city,21,4,TRUE,256672,8.18165,0.1905
4/17/20,RJ,Magé,3302502,city,33,3,TRUE,245071,13.46549,0.0909
4/17/20,RJ,Mangaratiba,3302601,city,5,2,TRUE,44468,11.24404,0.4
4/17/20,RJ,Maricá,3302700,city,35,4,TRUE,161207,21.71122,0.1143
4/17/20,RJ,Mendes,3302809,city,1,0,TRUE,18614,5.3723,
4/17/20,RJ,Mesquita,3302858,city,53,1,TRUE,176103,30.09602,0.0189
4/17/20,RJ,Miguel Pereira,3302908,city,5,1,TRUE,25538,19.57867,0.2
4/17/20,RJ,Nilópolis,3303203,city,25,0,TRUE,162485,15.38604,
4/17/20,RJ,Niterói,3303302,city,185,14,TRUE,513584,36.02137,0.0757
4/17/20,RJ,Nova Friburgo,3303401,city,26,1,TRUE,190631,13.63891,0.0385
4/17/20,RJ,Nova Iguaçu,3303500,city,159,12,TRUE,821128,19.36361,0.0755
4/17/20,RJ,Paracambi,3303609,city,8,0,TRUE,52257,15.30895,
4/17/20,RJ,Paraíba do Sul,3303708,city,3,0,TRUE,44285,6.7743,
4/17/20,RJ,Paraty,3303807,city,4,0,TRUE,43165,9.26677,
4/17/20,RJ,Paty do Alferes,3303856,city,2,0,TRUE,27769,7.20228,
4/17/20,RJ,Petrópolis,3303906,city,67,6,TRUE,306191,21.88177,0.0896
4/17/20,RJ,Piraí,3304003,city,2,0,TRUE,29277,6.8313,
4/17/20,RJ,Porciúncula,3304102,city,1,0,TRUE,18847,5.30588,
4/17/20,RJ,Porto Real,3304110,city,2,0,TRUE,19683,10.16105,
4/17/20,RJ,Quatis,3304128,city,2,0,TRUE,14302,13.98406,
4/17/20,RJ,Queimados,3304144,city,16,1,TRUE,150319,10.64403,0.0625
4/17/20,RJ,Quissamã,3304151,city,3,0,TRUE,24700,12.14575,
4/17/20,RJ,Resende,3304201,city,7,1,TRUE,131341,5.32964,0.1429
4/17/20,RJ,Rio Bonito,3304300,city,7,2,TRUE,60201,11.62771,0.2857
4/17/20,RJ,Rio das Flores,3304508,city,1,0,TRUE,9284,10.77122,
4/17/20,RJ,Rio das Ostras,3304524,city,13,3,TRUE,150674,8.6279,0.2308
4/17/20,RJ,Rio de Janeiro,3304557,city,2946,219,TRUE,6718903,43.84644,0.0743
4/17/20,RJ,São Fidélis,3304805,city,3,0,TRUE,38669,7.75815,
4/17/20,RJ,São Francisco de Itabapoana,3304755,city,2,1,TRUE,42205,4.73878,0.5
4/17/20,RJ,São Gonçalo,3304904,city,100,6,TRUE,1084839,9.21796,0.06
4/17/20,RJ,São João da Barra,3305000,city,1,0,TRUE,36102,2.76993,
4/17/20,RJ,São João de Meriti,3305109,city,76,5,TRUE,472406,16.08786,0.0658
4/17/20,RJ,São Pedro da Aldeia,3305208,city,11,1,TRUE,104476,10.52873,0.0909
4/17/20,RJ,Sapucaia,3305406,city,3,1,TRUE,18228,16.4582,0.3333
4/17/20,RJ,Saquarema,3305505,city,2,0,TRUE,89170,2.24291,
4/17/20,RJ,Seropédica,3305554,city,4,0,TRUE,82312,4.85956,
4/17/20,RJ,Silva Jardim,3305604,city,1,0,TRUE,21774,4.59263,
4/17/20,RJ,Sumidouro,3305703,city,1,0,TRUE,15623,6.40082,
4/17/20,RJ,Tanguá,3305752,city,5,3,TRUE,34309,14.57344,0.6
4/17/20,RJ,Teresópolis,3305802,city,16,1,TRUE,182594,8.76261,0.0625
4/17/20,RJ,Três Rios,3306008,city,5,0,TRUE,81804,6.11217,
4/17/20,RJ,Valença,3306107,city,2,0,TRUE,76523,2.61359,
4/17/20,RJ,Volta Redonda,3306305,city,147,6,TRUE,273012,53.84379,0.0408
4/17/20,RO,Ariquemes,1100023,city,20,0,TRUE,107863,18.54204,
4/17/20,RO,Buritis,1100452,city,1,0,TRUE,39654,2.52181,
4/17/20,RO,Jaru,1100114,city,1,0,TRUE,51775,1.93143,
4/17/20,RO,Ji-Paraná,1100122,city,6,1,TRUE,128969,4.65228,0.1667
4/17/20,RO,Monte Negro,1101401,city,1,0,TRUE,15852,6.30835,
4/17/20,RO,Ouro Preto do Oeste,1100155,city,6,0,TRUE,36035,16.65048,
4/17/20,RO,Porto Velho,1100205,city,71,2,TRUE,529544,13.40776,0.0282
4/17/20,RO,Rolim de Moura,1100288,city,3,0,TRUE,55058,5.4488,
4/17/20,RO,Vilhena,1100304,city,1,0,TRUE,99854,1.00146,
4/17/20,RR,Alto Alegre,1400050,city,1,1,TRUE,15510,6.44745,1
4/17/20,RR,Boa Vista,1400100,city,183,2,TRUE,399213,45.84019,0.0109
4/17/20,RR,Bonfim,1400159,city,3,0,TRUE,12409,24.176,
4/17/20,RR,Cantá,1400175,city,4,0,TRUE,18335,21.8162,
4/17/20,RR,Mucajaí,1400308,city,1,0,TRUE,17853,5.6013,
4/17/20,RR,Pacaraima,1400456,city,7,0,TRUE,17401,40.22757,
4/17/20,RR,Rorainópolis,1400472,city,1,0,TRUE,30163,3.31532,
4/17/20,RR,São Luiz,1400605,city,1,0,TRUE,7986,12.52191,
4/17/20,RS,Ajuricaba,4300208,city,1,0,TRUE,7024,14.2369,
4/17/20,RS,Alegrete,4300406,city,1,0,TRUE,73589,1.3589,
4/17/20,RS,Alvorada,4300604,city,7,1,TRUE,210305,3.3285,0.1429
4/17/20,RS,Anta Gorda,4300703,city,2,0,TRUE,5981,33.43922,
4/17/20,RS,Arroio do Sal,4301057,city,2,1,TRUE,10065,19.87084,0.5
4/17/20,RS,Arroio dos Ratos,4301107,city,3,0,TRUE,14151,21.19992,
4/17/20,RS,Bagé,4301602,city,28,0,TRUE,121143,23.11318,
4/17/20,RS,Bento Gonçalves,4302105,city,13,0,TRUE,120454,10.7925,
4/17/20,RS,Bom Retiro do Sul,4302402,city,1,0,TRUE,12328,8.11162,
4/17/20,RS,Cachoeira do Sul,4303004,city,2,0,TRUE,82201,2.43306,
4/17/20,RS,Cachoeirinha,4303103,city,8,0,TRUE,130293,6.14001,
4/17/20,RS,Campo Bom,4303905,city,4,0,TRUE,66712,5.99592,
4/17/20,RS,Candelária,4304200,city,1,0,TRUE,31365,3.18827,
4/17/20,RS,Canguçu,4304507,city,1,0,TRUE,56045,1.78428,
4/17/20,RS,Canoas,4304606,city,17,1,TRUE,346616,4.90456,0.0588
4/17/20,RS,Capão da Canoa,4304630,city,6,0,TRUE,53049,11.3103,
4/17/20,RS,Capão do Leão,4304663,city,1,0,TRUE,25354,3.94415,
4/17/20,RS,Carlos Barbosa,4304804,city,2,0,TRUE,29833,6.70399,
4/17/20,RS,Caxias do Sul,4305108,city,42,0,TRUE,510906,8.22069,
4/17/20,RS,Cerro Grande do Sul,4305173,city,1,0,TRUE,12239,8.1706,
4/17/20,RS,Chapada,4305306,city,1,0,TRUE,9269,10.78865,
4/17/20,RS,Charqueadas,4305355,city,1,0,TRUE,40789,2.45164,
4/17/20,RS,Cidreira,4305454,city,2,1,TRUE,16254,12.30466,0.5
4/17/20,RS,Cruzeiro do Sul,4306205,city,2,0,TRUE,12348,16.19695,
4/17/20,RS,Dois Irmãos,4306403,city,2,0,TRUE,32671,6.12164,
4/17/20,RS,Dom Pedrito,4306601,city,1,0,TRUE,38461,2.60004,
4/17/20,RS,Eldorado do Sul,4306767,city,1,0,TRUE,41285,2.42219,
4/17/20,RS,Encantado,4306809,city,2,0,TRUE,22706,8.80824,
4/17/20,RS,Encruzilhada do Sul,4306908,city,2,1,TRUE,25877,7.72887,0.5
4/17/20,RS,Erechim,4307005,city,4,0,TRUE,105862,3.7785,
4/17/20,RS,Espumoso,4307500,city,1,0,TRUE,15588,6.41519,
4/17/20,RS,Estância Velha,4307609,city,3,0,TRUE,50022,5.99736,
4/17/20,RS,Esteio,4307708,city,4,0,TRUE,83202,4.80758,
4/17/20,RS,Estrela,4307807,city,3,0,TRUE,34116,8.79353,
4/17/20,RS,Farroupilha,4307906,city,6,0,TRUE,72331,8.2952,
4/17/20,RS,Flores da Cunha,4308201,city,1,0,TRUE,30745,3.25256,
4/17/20,RS,Garibaldi,4308607,city,3,0,TRUE,35070,8.55432,
4/17/20,RS,Glorinha,4309050,city,1,0,TRUE,8098,12.34873,
4/17/20,RS,Gravataí,4309209,city,14,0,TRUE,281519,4.97302,
4/17/20,RS,Guaíba,4309308,city,2,0,TRUE,98143,2.03784,
4/17/20,RS,Harmonia,4309555,city,4,0,TRUE,4866,82.20304,
4/17/20,RS,Imbé,4310330,city,1,0,TRUE,22800,4.38596,
4/17/20,RS,Ivoti,4310801,city,4,1,TRUE,24293,16.46565,0.25
4/17/20,RS,Lajeado,4311403,city,23,0,TRUE,84014,27.37639,
4/17/20,RS,Marau,4311809,city,17,1,TRUE,44161,38.49551,0.0588
4/17/20,RS,Minas do Leão,4312252,city,2,0,TRUE,8075,24.7678,
4/17/20,RS,Montenegro,4312401,city,3,0,TRUE,65264,4.59671,
4/17/20,RS,Muçum,4312609,city,1,0,TRUE,4954,20.18571,
4/17/20,RS,Nicolau Vergueiro,4312674,city,1,0,TRUE,1682,59.45303,
4/17/20,RS,Nova Palma,4313102,city,1,0,TRUE,6512,15.35627,
4/17/20,RS,Novo Hamburgo,4313409,city,26,2,TRUE,246748,10.53707,0.0769
4/17/20,RS,Osório,4313508,city,2,0,TRUE,45994,4.34839,
4/17/20,RS,Paraí,4314001,city,2,0,TRUE,7657,26.11989,
4/17/20,RS,Pareci Novo,4314035,city,1,0,TRUE,3837,26.06203,
4/17/20,RS,Passo Fundo,4314100,city,36,3,TRUE,203275,17.71,0.0833
4/17/20,RS,Pelotas,4314407,city,12,0,TRUE,342405,3.50462,
4/17/20,RS,Piratini,4314605,city,1,0,TRUE,20663,4.83957,
4/17/20,RS,Porto Alegre,4314902,city,369,9,TRUE,1483771,24.86907,0.0244
4/17/20,RS,Rio Grande,4315602,city,4,0,TRUE,211005,1.89569,
4/17/20,RS,Rio Pardo,4315701,city,1,0,TRUE,38275,2.61267,
4/17/20,RS,Rolante,4316006,city,1,0,TRUE,21349,4.68406,
4/17/20,RS,Sananduva,4316600,city,2,0,TRUE,16270,12.29256,
4/17/20,RS,Santa Cruz do Sul,4316808,city,1,0,TRUE,130416,0.76678,
4/17/20,RS,Santa Maria,4316907,city,13,0,TRUE,282123,4.60792,
4/17/20,RS,Sant'Ana do Livramento,4317103,city,7,0,TRUE,77027,9.08772,
4/17/20,RS,Santa Rosa,4317202,city,4,0,TRUE,73254,5.46045,
4/17/20,RS,Santiago,4317400,city,1,0,TRUE,49425,2.02327,
4/17/20,RS,Santo Antônio da Patrulha,4317608,city,2,0,TRUE,42894,4.66266,
4/17/20,RS,Santo Cristo,4317905,city,1,0,TRUE,14257,7.0141,
4/17/20,RS,São Domingos do Sul,4318051,city,3,0,TRUE,3074,97.59271,
4/17/20,RS,São Gabriel,4318309,city,1,0,TRUE,62105,1.61018,
4/17/20,RS,São Jorge,4318440,city,2,0,TRUE,2824,70.82153,
4/17/20,RS,São Leopoldo,4318705,city,19,1,TRUE,236835,8.02246,0.0526
4/17/20,RS,São Lourenço do Sul,4318804,city,1,0,TRUE,43582,2.29453,
4/17/20,RS,São Sebastião do Caí,4319505,city,2,0,TRUE,25685,7.78665,
4/17/20,RS,Sapiranga,4319901,city,2,0,TRUE,81734,2.44696,
4/17/20,RS,Sapucaia do Sul,4320008,city,5,0,TRUE,141075,3.54421,
4/17/20,RS,Sarandi,4320107,city,1,0,TRUE,24489,4.08347,
4/17/20,RS,Serafina Corrêa,4320404,city,7,1,TRUE,17502,39.99543,0.1429
4/17/20,RS,Tabaí,4320859,city,4,0,TRUE,4719,84.76372,
4/17/20,RS,Taquara,4321204,city,1,0,TRUE,57466,1.74016,
4/17/20,RS,Taquari,4321303,city,5,0,TRUE,26862,18.61365,
4/17/20,RS,Teutônia,4321451,city,1,0,TRUE,33232,3.00915,
4/17/20,RS,Tio Hugo,4321469,city,1,0,TRUE,3030,33.0033,
4/17/20,RS,Torres,4321501,city,9,0,TRUE,38732,23.2366,
4/17/20,RS,Tramandaí,4321600,city,1,0,TRUE,51715,1.93367,
4/17/20,RS,Tupandi,4322251,city,1,0,TRUE,4855,20.59732,
4/17/20,RS,Uruguaiana,4322400,city,3,0,TRUE,126970,2.36276,
4/17/20,RS,Vacaria,4322509,city,2,1,TRUE,66218,3.02033,0.5
4/17/20,RS,Venâncio Aires,4322608,city,1,0,TRUE,71554,1.39755,
4/17/20,RS,Veranópolis,4322806,city,1,0,TRUE,26241,3.81083,
4/17/20,RS,Viamão,4323002,city,15,0,TRUE,255224,5.87719,
4/17/20,RS,Vila Maria,4323408,city,1,0,TRUE,4358,22.94631,
4/17/20,SC,Águas Mornas,4200606,city,1,0,TRUE,6469,15.45834,
4/17/20,SC,Anita Garibaldi,4201000,city,1,0,TRUE,7133,14.01935,
4/17/20,SC,Antônio Carlos,4201208,city,11,3,TRUE,8513,129.21414,0.2727
4/17/20,SC,Arabutã,4201273,city,3,0,TRUE,4267,70.30701,
4/17/20,SC,Araranguá,4201406,city,4,0,TRUE,68228,5.8627,
4/17/20,SC,Armazém,4201505,city,1,0,TRUE,8674,11.52871,
4/17/20,SC,Aurora,4201901,city,1,0,TRUE,5679,17.60873,
4/17/20,SC,Balneário Arroio do Silva,4201950,city,2,0,TRUE,13071,15.30105,
4/17/20,SC,Balneário Camboriú,4202008,city,58,0,TRUE,142295,40.76039,
4/17/20,SC,Balneário Gaivota,4202073,city,2,1,TRUE,10979,18.2166,0.5
4/17/20,SC,Balneário Piçarras,4212809,city,2,0,TRUE,23147,8.64043,
4/17/20,SC,Barra Velha,4202107,city,1,0,TRUE,29168,3.42841,
4/17/20,SC,Biguaçu,4202305,city,2,0,TRUE,68481,2.92052,
4/17/20,SC,Blumenau,4202404,city,75,0,TRUE,357199,20.9967,
4/17/20,SC,Botuverá,4202701,city,2,0,TRUE,5246,38.12429,
4/17/20,SC,Braço do Norte,4202800,city,27,1,TRUE,33450,80.71749,0.037
4/17/20,SC,Brusque,4202909,city,21,0,TRUE,134723,15.58754,
4/17/20,SC,Caçador,4203006,city,2,0,TRUE,78595,2.54469,
4/17/20,SC,Camboriú,4203204,city,55,2,TRUE,82989,66.27384,0.0364
4/17/20,SC,Canelinha,4203709,city,1,0,TRUE,12240,8.16993,
4/17/20,SC,Capivari de Baixo,4203956,city,1,0,TRUE,24871,4.02075,
4/17/20,SC,Chapecó,4204202,city,6,0,TRUE,220367,2.72273,
4/17/20,SC,Cocal do Sul,4204251,city,1,0,TRUE,16684,5.99377,
4/17/20,SC,Concórdia,4204301,city,1,0,TRUE,74641,1.33975,
4/17/20,SC,Criciúma,4204608,city,44,4,TRUE,215186,20.44743,0.0909
4/17/20,SC,Florianópolis,4205407,city,221,3,TRUE,500973,44.11415,0.0136
4/17/20,SC,Forquilhinha,4205456,city,1,0,TRUE,26793,3.73232,
4/17/20,SC,Garopaba,4205704,city,2,0,TRUE,23078,8.66626,
4/17/20,SC,Gaspar,4205902,city,5,1,TRUE,69639,7.17988,0.2
4/17/20,SC,Governador Celso Ramos,4206009,city,3,0,TRUE,14471,20.73112,
4/17/20,SC,Gravatal,4206207,city,11,0,TRUE,11501,95.64386,
4/17/20,SC,Guabiruba,4206306,city,2,0,TRUE,23832,8.39208,
4/17/20,SC,Guaramirim,4206504,city,1,0,TRUE,44819,2.2312,
4/17/20,SC,Içara,4207007,city,7,0,TRUE,56421,12.40673,
4/17/20,SC,Ilhota,4207106,city,1,0,TRUE,14184,7.0502,
4/17/20,SC,Imbituba,4207304,city,13,0,TRUE,44853,28.98357,
4/17/20,SC,Indaial,4207502,city,3,1,TRUE,69425,4.32121,0.3333
4/17/20,SC,Ipumirim,4207700,city,3,0,TRUE,7593,39.51008,
4/17/20,SC,Irati,4207858,city,1,0,TRUE,1930,51.81347,
4/17/20,SC,Itaiópolis,4208104,city,1,0,TRUE,21669,4.61489,
4/17/20,SC,Itajaí,4208203,city,41,2,TRUE,219536,18.67575,0.0488
4/17/20,SC,Itapema,4208302,city,8,0,TRUE,65312,12.2489,
4/17/20,SC,Itapiranga,4208401,city,1,0,TRUE,16872,5.92698,
4/17/20,SC,Ituporanga,4208500,city,0,0,TRUE,25086,,
4/17/20,SC,Jaguaruna,4208807,city,3,0,TRUE,20024,14.98202,
4/17/20,SC,Jaraguá do Sul,4208906,city,11,0,TRUE,177697,6.19031,
4/17/20,SC,Joaçaba,4209003,city,4,0,TRUE,30118,13.28109,
4/17/20,SC,Joinville,4209102,city,85,2,TRUE,590466,14.39541,0.0235
4/17/20,SC,Lages,4209300,city,11,0,TRUE,157544,6.98218,
4/17/20,SC,Laguna,4209409,city,5,0,TRUE,45814,10.91369,
4/17/20,SC,Lindóia do Sul,4209854,city,2,0,TRUE,4563,43.83081,
4/17/20,SC,Mafra,4210100,city,2,0,TRUE,56292,3.5529,
4/17/20,SC,Massaranduba,4210605,city,1,1,TRUE,16916,5.91156,1
4/17/20,SC,Meleiro,4210803,city,1,0,TRUE,7015,14.25517,
4/17/20,SC,Morro da Fumaça,4211207,city,2,0,TRUE,17796,11.23848,
4/17/20,SC,Navegantes,4211306,city,9,0,TRUE,81475,11.04633,
4/17/20,SC,Nova Trento,4211504,city,1,0,TRUE,14549,6.87332,
4/17/20,SC,Nova Veneza,4211603,city,2,0,TRUE,15166,13.18739,
4/17/20,SC,Orleans,4211702,city,3,0,TRUE,22912,13.09358,
4/17/20,SC,Palhoça,4211900,city,14,1,TRUE,171797,8.14915,0.0714
4/17/20,SC,Papanduva,4212205,city,2,0,TRUE,19320,10.35197,
4/17/20,SC,Paulo Lopes,4212304,city,1,0,TRUE,7494,13.34401,
4/17/20,SC,Pedras Grandes,4212403,city,2,1,TRUE,3976,50.30181,0.5
4/17/20,SC,Penha,4212502,city,1,1,TRUE,32531,3.07399,1
4/17/20,SC,Pescaria Brava,4212650,city,1,0,TRUE,10091,9.90982,
4/17/20,SC,Pomerode,4213203,city,1,0,TRUE,33447,2.9898,
4/17/20,SC,Porto Belo,4213500,city,5,1,TRUE,21388,23.37759,0.2
4/17/20,SC,Pouso Redondo,4213708,city,1,0,TRUE,17453,5.72967,
4/17/20,SC,Rancho Queimado,4214300,city,2,0,TRUE,2878,69.4927,
4/17/20,SC,Rio do Sul,4214805,city,2,0,TRUE,71061,2.81448,
4/17/20,SC,Rio Negrinho,4215000,city,1,0,TRUE,42302,2.36395,
4/17/20,SC,Rio Rufino,4215059,city,1,0,TRUE,2483,40.27386,
4/17/20,SC,Sangão,4215455,city,2,0,TRUE,12678,15.77536,
4/17/20,SC,Santa Cecília,4215505,city,1,0,TRUE,16830,5.94177,
4/17/20,SC,Santa Rosa de Lima,4215604,city,0,0,TRUE,2142,,
4/17/20,SC,Santa Rosa do Sul,4215653,city,1,0,TRUE,8358,11.96458,
4/17/20,SC,Santo Amaro da Imperatriz,4215703,city,1,0,TRUE,23245,4.302,
4/17/20,SC,São Bento do Sul,4215802,city,1,0,TRUE,84507,1.18333,
4/17/20,SC,São Domingos,4216107,city,3,0,TRUE,9445,31.76284,
4/17/20,SC,São Francisco do Sul,4216206,city,2,0,TRUE,52721,3.79355,
4/17/20,SC,São José,4216602,city,35,1,TRUE,246586,14.19383,0.0286
4/17/20,SC,São Lourenço do Oeste,4216909,city,2,0,TRUE,24076,8.30703,
4/17/20,SC,São Ludgero,4217006,city,6,1,TRUE,13410,44.74273,0.1667
4/17/20,SC,São Pedro de Alcântara,4217253,city,1,0,TRUE,5823,17.17328,
4/17/20,SC,Schroeder,4217402,city,1,0,TRUE,21365,4.68055,
4/17/20,SC,Siderópolis,4217600,city,7,0,TRUE,14007,49.97501,
4/17/20,SC,Sombrio,4217709,city,10,1,TRUE,30374,32.92289,0.1
4/17/20,SC,Tangará,4217907,city,1,0,TRUE,8676,11.52605,
4/17/20,SC,Tijucas,4218004,city,4,0,TRUE,38407,10.41477,
4/17/20,SC,Timbé do Sul,4218103,city,1,0,TRUE,5348,18.69858,
4/17/20,SC,Timbó,4218202,city,2,0,TRUE,44238,4.521,
4/17/20,SC,Treze de Maio,4218400,city,3,0,TRUE,7081,42.3669,
4/17/20,SC,Tubarão,4218707,city,33,2,TRUE,105686,31.22457,0.0606
4/17/20,SC,Urussanga,4219002,city,3,1,TRUE,21268,14.1057,0.3333
4/17/20,SC,Vidal Ramos,4219200,city,1,0,TRUE,6338,15.77785,
4/17/20,SC,Videira,4219309,city,1,0,TRUE,53065,1.88448,
4/17/20,SE,Aracaju,2800308,city,44,4,TRUE,657013,6.69698,0.0909
4/17/20,SE,Capela,2801306,city,1,0,TRUE,34213,2.92287,
4/17/20,SE,Itabaiana,2802908,city,1,0,TRUE,95427,1.04792,
4/17/20,SE,Itabaianinha,2803005,city,2,0,TRUE,41928,4.77008,
4/17/20,SE,Lagarto,2803500,city,1,0,TRUE,104408,0.95778,
4/17/20,SE,Nossa Senhora da Glória,2804508,city,2,0,TRUE,36924,5.41653,
4/17/20,SE,Nossa Senhora do Socorro,2804805,city,1,0,TRUE,183628,0.54458,
4/17/20,SE,Pacatuba,2804904,city,2,0,TRUE,14428,13.86194,
4/17/20,SE,Propriá,2805703,city,2,0,TRUE,29626,6.75083,
4/17/20,SE,São Cristóvão,2806701,city,1,0,TRUE,90072,1.11022,
4/17/20,SE,Simão Dias,2807105,city,1,0,TRUE,40484,2.47011,
4/17/20,SP,Adamantina,3500105,city,1,0,TRUE,35068,2.8516,
4/17/20,SP,Águas de Lindóia,3500501,city,1,1,TRUE,18705,5.34616,1
4/17/20,SP,Águas de São Pedro,3500600,city,1,0,TRUE,3451,28.97711,
4/17/20,SP,Agudos,3500709,city,4,1,TRUE,37214,10.74864,0.25
4/17/20,SP,Alambari,3500758,city,1,0,TRUE,6025,16.59751,
4/17/20,SP,Americana,3501608,city,24,3,TRUE,239597,10.01682,0.125
4/17/20,SP,Américo Brasiliense,3501707,city,5,0,TRUE,40504,12.34446,
4/17/20,SP,Amparo,3501905,city,5,0,TRUE,72195,6.92569,
4/17/20,SP,Andradina,3502101,city,1,0,TRUE,57157,1.74957,
4/17/20,SP,Apiaí,3502705,city,1,0,TRUE,24374,4.10273,
4/17/20,SP,Araçariguama,3502754,city,1,0,TRUE,22364,4.47147,
4/17/20,SP,Araçatuba,3502804,city,37,0,TRUE,197016,18.7802,
4/17/20,SP,Araçoiaba da Serra,3502903,city,1,0,TRUE,34146,2.9286,
4/17/20,SP,Arandu,3503109,city,3,0,TRUE,6357,47.19207,
4/17/20,SP,Araraquara,3503208,city,39,2,TRUE,236072,16.52038,0.0513
4/17/20,SP,Araras,3503307,city,6,0,TRUE,134236,4.46974,
4/17/20,SP,Artur Nogueira,3503802,city,1,0,TRUE,54408,1.83797,
4/17/20,SP,Arujá,3503901,city,21,1,TRUE,89824,23.37905,0.0476
4/17/20,SP,Assis,3504008,city,6,1,TRUE,104386,5.7479,0.1667
4/17/20,SP,Atibaia,3504107,city,18,1,TRUE,142761,12.60849,0.0556
4/17/20,SP,Avaré,3504503,city,9,1,TRUE,90655,9.92775,0.1111
4/17/20,SP,Bady Bassitt,3504602,city,2,0,TRUE,17502,11.42727,
4/17/20,SP,Bariri,3505203,city,1,0,TRUE,35264,2.83575,
4/17/20,SP,Barra do Turvo,3505401,city,1,0,TRUE,7659,13.05653,
4/17/20,SP,Barretos,3505500,city,9,0,TRUE,122098,7.37113,
4/17/20,SP,Barueri,3505708,city,101,5,TRUE,274182,36.83685,0.0495
4/17/20,SP,Batatais,3505906,city,1,0,TRUE,62508,1.5998,
4/17/20,SP,Bauru,3506003,city,33,4,TRUE,376818,8.75754,0.1212
4/17/20,SP,Bebedouro,3506102,city,2,0,TRUE,77496,2.58078,
4/17/20,SP,Bilac,3506409,city,1,0,TRUE,8034,12.4471,
4/17/20,SP,Birigui,3506508,city,6,0,TRUE,123638,4.85288,
4/17/20,SP,Boituva,3507001,city,5,0,TRUE,60997,8.19712,
4/17/20,SP,Botucatu,3507506,city,27,2,TRUE,146497,18.43041,0.0741
4/17/20,SP,Bragança Paulista,3507605,city,35,7,TRUE,168668,20.75082,0.2
4/17/20,SP,Brodowski,3507803,city,3,0,TRUE,24939,12.02935,
4/17/20,SP,Buritama,3508108,city,3,0,TRUE,17144,17.49883,
4/17/20,SP,Caçapava,3508504,city,5,0,TRUE,94263,5.30431,
4/17/20,SP,Cachoeira Paulista,3508603,city,2,0,TRUE,33327,6.00114,
4/17/20,SP,Caiabu,3508900,city,1,1,TRUE,4191,23.86065,1
4/17/20,SP,Caieiras,3509007,city,48,6,TRUE,101470,47.30462,0.125
4/17/20,SP,Cajamar,3509205,city,7,1,TRUE,76801,9.11446,0.1429
4/17/20,SP,Cajuru,3509403,city,2,0,TRUE,26167,7.64321,
4/17/20,SP,Campinas,3509502,city,164,7,TRUE,1204073,13.62044,0.0427
4/17/20,SP,Campo Limpo Paulista,3509601,city,4,1,TRUE,84650,4.72534,0.25
4/17/20,SP,Campos do Jordão,3509700,city,1,0,TRUE,52088,1.91983,
4/17/20,SP,Capão Bonito,3510203,city,1,0,TRUE,47138,2.12143,
4/17/20,SP,Caraguatatuba,3510500,city,7,2,TRUE,121532,5.7598,0.2857
4/17/20,SP,Carapicuíba,3510609,city,59,2,TRUE,400927,14.7159,0.0339
4/17/20,SP,Castilho,3511003,city,1,0,TRUE,21006,4.76054,
4/17/20,SP,Catanduva,3511102,city,7,2,TRUE,121862,5.7442,0.2857
4/17/20,SP,Cedral,3511300,city,1,0,TRUE,9237,10.82603,
4/17/20,SP,Conchas,3512308,city,1,1,TRUE,17896,5.58784,1
4/17/20,SP,Cotia,3513009,city,76,4,TRUE,249210,30.49637,0.0526
4/17/20,SP,Cravinhos,3513108,city,6,1,TRUE,35292,17.00102,0.1667
4/17/20,SP,Cruzeiro,3513405,city,3,1,TRUE,82238,3.64795,0.3333
4/17/20,SP,Cubatão,3513504,city,8,0,TRUE,130705,6.12065,
4/17/20,SP,Diadema,3513801,city,115,3,TRUE,423884,27.13006,0.0261
4/17/20,SP,Dracena,3514403,city,1,1,TRUE,46793,2.13707,1
4/17/20,SP,Duartina,3514502,city,1,0,TRUE,12445,8.03536,
4/17/20,SP,Eldorado,3514809,city,1,1,TRUE,15494,6.45411,1
4/17/20,SP,Embu das Artes,3515004,city,55,3,TRUE,273726,20.09309,0.0545
4/17/20,SP,Embu-Guaçu,3515103,city,4,0,TRUE,69385,5.76493,
4/17/20,SP,Estiva Gerbi,3557303,city,1,0,TRUE,11304,8.84643,
4/17/20,SP,Fartura,3515400,city,1,0,TRUE,16036,6.23597,
4/17/20,SP,Fernandópolis,3515509,city,4,0,TRUE,69116,5.78737,
4/17/20,SP,Ferraz de Vasconcelos,3515707,city,52,2,TRUE,194276,26.76604,0.0385
4/17/20,SP,Franca,3516200,city,6,0,TRUE,353187,1.69882,
4/17/20,SP,Francisco Morato,3516309,city,21,1,TRUE,175844,11.9424,0.0476
4/17/20,SP,Franco da Rocha,3516408,city,52,2,TRUE,154489,33.65935,0.0385
4/17/20,SP,Garça,3516705,city,1,0,TRUE,44390,2.25276,
4/17/20,SP,Guararapes,3518206,city,3,0,TRUE,32939,9.10774,
4/17/20,SP,Guararema,3518305,city,2,0,TRUE,29798,6.71186,
4/17/20,SP,Guaratinguetá,3518404,city,1,0,TRUE,121798,0.82103,
4/17/20,SP,Guarujá,3518701,city,27,2,TRUE,320459,8.42541,0.0741
4/17/20,SP,Guarulhos,3518800,city,295,28,TRUE,1379182,21.38949,0.0949
4/17/20,SP,Hortolândia,3519071,city,7,0,TRUE,230851,3.03226,
4/17/20,SP,Ibirá,3519402,city,1,0,TRUE,12393,8.06907,
4/17/20,SP,Ibiúna,3519709,city,3,0,TRUE,78878,3.80334,
4/17/20,SP,Igarapava,3520103,city,1,0,TRUE,30432,3.28601,
4/17/20,SP,Igaratá,3520202,city,1,0,TRUE,9534,10.48878,
4/17/20,SP,Ilhabela,3520400,city,3,0,TRUE,34970,8.57878,
4/17/20,SP,Ilha Comprida,3520426,city,12,0,TRUE,11166,107.4691,
4/17/20,SP,Ilha Solteira,3520442,city,1,0,TRUE,26686,3.74728,
4/17/20,SP,Indaiatuba,3520509,city,9,0,TRUE,251627,3.57672,
4/17/20,SP,Iracemápolis,3521408,city,1,0,TRUE,24235,4.12626,
4/17/20,SP,Itanhaém,3522109,city,3,0,TRUE,101816,2.94649,
4/17/20,SP,Itapecerica da Serra,3522208,city,42,1,TRUE,175693,23.90533,0.0238
4/17/20,SP,Itapetininga,3522307,city,6,1,TRUE,163901,3.66075,0.1667
4/17/20,SP,Itapeva,3522406,city,1,0,TRUE,94354,1.05984,
4/17/20,SP,Itapevi,3522505,city,29,5,TRUE,237700,12.20025,0.1724
4/17/20,SP,Itapira,3522604,city,14,3,TRUE,74773,18.72334,0.2143
4/17/20,SP,Itaquaquecetuba,3523107,city,47,0,TRUE,370821,12.67458,
4/17/20,SP,Itararé,3523206,city,1,0,TRUE,50503,1.98008,
4/17/20,SP,Itatiba,3523404,city,2,1,TRUE,120858,1.65483,0.5
4/17/20,SP,Itatinga,3523503,city,1,0,TRUE,20697,4.83162,
4/17/20,SP,Itu,3523909,city,5,0,TRUE,173939,2.87457,
4/17/20,SP,Itupeva,3524006,city,2,0,TRUE,61252,3.2652,
4/17/20,SP,Jaboticabal,3524303,city,7,2,TRUE,77263,9.05996,0.2857
4/17/20,SP,Jacareí,3524402,city,17,0,TRUE,233662,7.27547,
4/17/20,SP,Jaci,3524501,city,2,0,TRUE,7067,28.30055,
4/17/20,SP,Jaguariúna,3524709,city,2,0,TRUE,57488,3.47899,
4/17/20,SP,Jales,3524808,city,2,0,TRUE,49107,4.07274,
4/17/20,SP,Jandira,3525003,city,11,1,TRUE,124937,8.80444,0.0909
4/17/20,SP,Jardinópolis,3525102,city,4,0,TRUE,44380,9.01307,
4/17/20,SP,Jaú,3525300,city,3,0,TRUE,150252,1.99665,
4/17/20,SP,Joanópolis,3525508,city,1,0,TRUE,13220,7.5643,
4/17/20,SP,José Bonifácio,3525706,city,2,0,TRUE,37015,5.40321,
4/17/20,SP,Jundiaí,3525904,city,38,4,TRUE,418962,9.07003,0.1053
4/17/20,SP,Juquitiba,3526209,city,1,1,TRUE,31444,3.18026,1
4/17/20,SP,Laranjal Paulista,3526407,city,5,2,TRUE,28516,17.53402,0.4
4/17/20,SP,Leme,3526704,city,3,2,TRUE,103391,2.90161,0.6667
4/17/20,SP,Lençóis Paulista,3526803,city,3,0,TRUE,68432,4.38391,
4/17/20,SP,Limeira,3526902,city,8,1,TRUE,306114,2.61341,0.125
4/17/20,SP,Lins,3527108,city,2,2,TRUE,78013,2.56368,1
4/17/20,SP,Lorena,3527207,city,1,0,TRUE,88706,1.12732,
4/17/20,SP,Louveira,3527306,city,1,0,TRUE,48885,2.04562,
4/17/20,SP,Macatuba,3528007,city,1,0,TRUE,17163,5.82649,
4/17/20,SP,Mairinque,3528403,city,1,0,TRUE,47150,2.12089,
4/17/20,SP,Mairiporã,3528502,city,10,2,TRUE,100179,9.98213,0.2
4/17/20,SP,Marília,3529005,city,8,1,TRUE,238882,3.34893,0.125
4/17/20,SP,Matão,3529302,city,3,0,TRUE,83170,3.60707,
4/17/20,SP,Mauá,3529401,city,77,4,TRUE,472912,16.2821,0.0519
4/17/20,SP,Mineiros do Tietê,3529807,city,2,1,TRUE,12908,15.49427,0.5
4/17/20,SP,Mirassol,3530300,city,5,0,TRUE,59824,8.35785,
4/17/20,SP,Mococa,3530508,city,2,1,TRUE,68885,2.90339,0.5
4/17/20,SP,Mogi das Cruzes,3530607,city,107,7,TRUE,445842,23.99953,0.0654
4/17/20,SP,Mogi Guaçu,3530706,city,8,1,TRUE,151888,5.26704,0.125
4/17/20,SP,Mogi Mirim,3530805,city,1,0,TRUE,93189,1.07309,
4/17/20,SP,Mongaguá,3531100,city,2,1,TRUE,56702,3.52721,0.5
4/17/20,SP,Monte Alto,3531308,city,6,1,TRUE,50498,11.88166,0.1667
4/17/20,SP,Monte Mor,3531803,city,1,0,TRUE,59772,1.67302,
4/17/20,SP,Morro Agudo,3531902,city,2,0,TRUE,32968,6.06649,
4/17/20,SP,Morungaba,3532009,city,4,0,TRUE,13622,29.36426,
4/17/20,SP,Nhandeara,3532603,city,1,1,TRUE,11478,8.71232,1
4/17/20,SP,Nova Odessa,3533403,city,1,0,TRUE,60174,1.66185,
4/17/20,SP,Olímpia,3533908,city,4,0,TRUE,54772,7.303,
4/17/20,SP,Orlândia,3534302,city,4,0,TRUE,44028,9.08513,
4/17/20,SP,Osasco,3534401,city,224,20,TRUE,698418,32.07248,0.0893
4/17/20,SP,Ourinhos,3534708,city,7,0,TRUE,113542,6.16512,
4/17/20,SP,Pariquera-Açu,3536208,city,3,0,TRUE,19648,15.26873,
4/17/20,SP,Paulínia,3536505,city,8,0,TRUE,109424,7.31101,
4/17/20,SP,Paulistânia,3536570,city,1,0,TRUE,1833,54.55537,
4/17/20,SP,Pederneiras,3536703,city,1,0,TRUE,46687,2.14192,
4/17/20,SP,Pedra Bela,3536802,city,1,0,TRUE,6093,16.41228,
4/17/20,SP,Penápolis,3537305,city,1,1,TRUE,63407,1.57711,1
4/17/20,SP,Peruíbe,3537602,city,4,0,TRUE,68284,5.85789,
4/17/20,SP,Pilar do Sul,3537909,city,3,0,TRUE,29185,10.27925,
4/17/20,SP,Pindamonhangaba,3538006,city,2,1,TRUE,168328,1.18816,0.5
4/17/20,SP,Pindorama,3538105,city,2,0,TRUE,17049,11.73089,
4/17/20,SP,Piracaia,3538600,city,1,0,TRUE,27303,3.6626,
4/17/20,SP,Piracicaba,3538709,city,19,2,TRUE,404142,4.70132,0.1053
4/17/20,SP,Pirajuí,3538907,city,1,0,TRUE,25492,3.9228,
4/17/20,SP,Piratininga,3539400,city,3,0,TRUE,13636,22.00059,
4/17/20,SP,Poá,3539806,city,22,3,TRUE,117452,18.73106,0.1364
4/17/20,SP,Pontal,3540200,city,4,0,TRUE,49961,8.00624,
4/17/20,SP,Porto Feliz,3540606,city,1,0,TRUE,53098,1.88331,
4/17/20,SP,Porto Ferreira,3540705,city,2,1,TRUE,56150,3.56189,0.5
4/17/20,SP,Praia Grande,3541000,city,46,7,TRUE,325073,14.15067,0.1522
4/17/20,SP,Pratânia,3541059,city,2,0,TRUE,5261,38.01559,
4/17/20,SP,Presidente Prudente,3541406,city,6,2,TRUE,228743,2.62303,0.3333
4/17/20,SP,Presidente Venceslau,3541505,city,8,3,TRUE,39516,20.24496,0.375
4/17/20,SP,Promissão,3541604,city,2,0,TRUE,40432,4.94658,
4/17/20,SP,Rancharia,3542206,city,1,0,TRUE,29707,3.36621,
4/17/20,SP,Registro,3542602,city,1,1,TRUE,56322,1.77551,1
4/17/20,SP,Ribeirão Pires,3543303,city,28,0,TRUE,123393,22.69172,
4/17/20,SP,Ribeirão Preto,3543402,city,72,5,TRUE,703293,10.23755,0.0694
4/17/20,SP,Rincão,3543709,city,1,0,TRUE,10799,9.26012,
4/17/20,SP,Rinópolis,3543808,city,1,0,TRUE,9981,10.01904,
4/17/20,SP,Rio Claro,3543907,city,12,3,TRUE,206424,5.81328,0.25
4/17/20,SP,Rio Grande da Serra,3544103,city,7,0,TRUE,50846,13.76706,
4/17/20,SP,Salto,3545209,city,4,0,TRUE,118663,3.37089,
4/17/20,SP,Salto de Pirapora,3545308,city,6,0,TRUE,45422,13.20946,
4/17/20,SP,Santa Bárbara d'Oeste,3545803,city,2,0,TRUE,193475,1.03373,
4/17/20,SP,Santa Branca,3546009,city,2,1,TRUE,14788,13.52448,0.5
4/17/20,SP,Santa Cruz do Rio Pardo,3546405,city,4,0,TRUE,47673,8.39049,
4/17/20,SP,Santa Gertrudes,3546702,city,1,0,TRUE,26898,3.71775,
4/17/20,SP,Santa Isabel,3546801,city,3,1,TRUE,57386,5.22776,0.3333
4/17/20,SP,Santa Lúcia,3546900,city,3,0,TRUE,8817,34.02518,
4/17/20,SP,Santana de Parnaíba,3547304,city,53,0,TRUE,139447,38.00727,
4/17/20,SP,Santo André,3547809,city,222,10,TRUE,718773,30.88597,0.045
4/17/20,SP,Santo Antônio da Alegria,3547908,city,1,1,TRUE,6929,14.4321,1
4/17/20,SP,Santos,3548500,city,276,19,TRUE,433311,63.69559,0.0688
4/17/20,SP,São Bernardo do Campo,3548708,city,281,17,TRUE,838936,33.49481,0.0605
4/17/20,SP,São Caetano do Sul,3548807,city,94,4,TRUE,161127,58.33907,0.0426
4/17/20,SP,São Carlos,3548906,city,6,2,TRUE,251983,2.38111,0.3333
4/17/20,SP,São João da Boa Vista,3549102,city,4,0,TRUE,91211,4.38544,
4/17/20,SP,São Joaquim da Barra,3549409,city,2,0,TRUE,51888,3.85446,
4/17/20,SP,São José do Rio Pardo,3549706,city,1,0,TRUE,54946,1.81997,
4/17/20,SP,São José do Rio Preto,3549805,city,68,4,TRUE,460671,14.76108,0.0588
4/17/20,SP,São José dos Campos,3549904,city,135,3,TRUE,721944,18.69951,0.0222
4/17/20,SP,São Manuel,3550100,city,3,1,TRUE,40954,7.32529,0.3333
4/17/20,SP,São Miguel Arcanjo,3550209,city,2,0,TRUE,32931,6.0733,
4/17/20,SP,São Paulo,3550308,city,8744,643,TRUE,12252023,71.36781,0.0735
4/17/20,SP,São Pedro,3550407,city,1,0,TRUE,35653,2.80481,
4/17/20,SP,São Roque,3550605,city,5,0,TRUE,91016,5.49354,
4/17/20,SP,São Sebastião,3550704,city,6,2,TRUE,88980,6.74309,0.3333
4/17/20,SP,São Vicente,3551009,city,39,0,TRUE,365798,10.66162,
4/17/20,SP,Sertãozinho,3551702,city,8,1,TRUE,125815,6.35854,0.125
4/17/20,SP,Sorocaba,3552205,city,39,6,TRUE,679378,5.74055,0.1538
4/17/20,SP,Sumaré,3552403,city,5,0,TRUE,282441,1.77028,
4/17/20,SP,Suzano,3552502,city,74,6,TRUE,297637,24.8625,0.0811
4/17/20,SP,Taboão da Serra,3552809,city,110,6,TRUE,289664,37.97503,0.0545
4/17/20,SP,Taiaçu,3553104,city,2,0,TRUE,6295,31.77125,
4/17/20,SP,Tanabi,3553401,city,1,0,TRUE,25967,3.85104,
4/17/20,SP,Tatuí,3554003,city,6,0,TRUE,121766,4.92748,
4/17/20,SP,Taubaté,3554102,city,6,0,TRUE,314924,1.90522,
4/17/20,SP,Terra Roxa,3554409,city,1,0,TRUE,9370,10.67236,
4/17/20,SP,Tupã,3555000,city,2,0,TRUE,65524,3.05232,
4/17/20,SP,Ubatuba,3555406,city,2,0,TRUE,90799,2.20267,
4/17/20,SP,Valinhos,3556206,city,6,1,TRUE,129193,4.64421,0.1667
4/17/20,SP,Vargem Grande Paulista,3556453,city,9,3,TRUE,52597,17.11124,0.3333
4/17/20,SP,Várzea Paulista,3556503,city,2,0,TRUE,121838,1.64152,
4/17/20,SP,Vinhedo,3556701,city,12,0,TRUE,78728,15.24235,
4/17/20,SP,Votorantim,3557006,city,4,1,TRUE,122480,3.26584,0.25
4/17/20,SP,Votuporanga,3557105,city,6,0,TRUE,94547,6.34605,
4/17/20,TO,Araguaína,1702109,city,5,0,TRUE,180470,2.77054,
4/17/20,TO,Cariri do Tocantins,1703867,city,1,0,TRUE,4382,22.82063,
4/17/20,TO,Dianópolis,1707009,city,1,0,TRUE,22139,4.51692,
4/17/20,TO,Gurupi,1709500,city,1,0,TRUE,86647,1.15411,
4/17/20,TO,Palmas,1721000,city,22,1,TRUE,299127,7.35474,0.0455
4/17/20,TO,Paraíso do Tocantins,1716109,city,1,0,TRUE,51252,1.95114,
4/17/20,TO,Tocantinópolis,1721208,city,1,0,TRUE,22870,4.37254,
4/16/20,CE,Massapê,2308005,city,1,0,TRUE,38737,2.58151,
4/16/20,PR,Almirante Tamandaré,4100400,city,6,0,TRUE,118623,5.05804,
4/16/20,PR,Apucarana,4101408,city,8,0,TRUE,134996,5.9261,
4/16/20,PR,Arapongas,4101507,city,12,1,TRUE,123027,9.75396,0.0833
4/16/20,PR,Araruna,4101705,city,8,0,TRUE,13970,57.26557,
4/16/20,PR,Araucária,4101804,city,5,0,TRUE,143843,3.47601,
4/16/20,PR,Assaí,4101903,city,1,0,TRUE,15119,6.61419,
4/16/20,PR,Assis Chateaubriand,4102000,city,8,0,TRUE,33362,23.97938,
4/16/20,PR,Balsa Nova,4102307,city,5,0,TRUE,12941,38.63689,
4/16/20,PR,Bandeirantes,4102406,city,3,0,TRUE,31367,9.56419,
4/16/20,PR,Cambé,4103701,city,4,0,TRUE,106533,3.75471,
4/16/20,PR,Campina da Lagoa,4103909,city,1,1,TRUE,14202,7.04126,1
4/16/20,PR,Campina Grande do Sul,4104006,city,3,0,TRUE,43288,6.93033,
4/16/20,PR,Campo Largo,4104204,city,13,2,TRUE,132002,9.84834,0.1538
4/16/20,PR,Campo Magro,4104253,city,1,0,TRUE,29318,3.41087,
4/16/20,PR,Campo Mourão,4104303,city,21,4,TRUE,94859,22.13812,0.1905
4/16/20,PR,Cascavel,4104808,city,59,2,TRUE,328454,17.96294,0.0339
4/16/20,PR,Castro,4104907,city,2,0,TRUE,71484,2.79783,
4/16/20,PR,Chopinzinho,4105409,city,1,0,TRUE,19254,5.19373,
4/16/20,PR,Cianorte,4105508,city,14,1,TRUE,82620,16.94505,0.0714
4/16/20,PR,Colombo,4105805,city,8,0,TRUE,243726,3.28237,
4/16/20,PR,Contenda,4106209,city,1,0,TRUE,18584,5.38097,
4/16/20,PR,Cornélio Procópio,4106407,city,1,0,TRUE,47845,2.09008,
4/16/20,PR,Curitiba,4106902,city,320,8,TRUE,1933105,16.55368,0.025
4/16/20,PR,Faxinal,4107603,city,1,0,TRUE,17251,5.79677,
4/16/20,PR,Fazenda Rio Grande,4107652,city,5,0,TRUE,100209,4.98957,
4/16/20,PR,Foz do Iguaçu,4108304,city,36,0,TRUE,258532,13.92478,
4/16/20,PR,Francisco Beltrão,4108403,city,1,0,TRUE,91093,1.09778,
4/16/20,PR,Goioerê,4108601,city,3,0,TRUE,28884,10.38637,
4/16/20,PR,Guaíra,4108809,city,3,1,TRUE,33119,9.05824,0.3333
4/16/20,PR,Guairaçá,4108908,city,1,0,TRUE,6581,15.19526,
4/16/20,PR,Guaraniaçu,4109302,city,5,0,TRUE,12472,40.0898,
4/16/20,PR,Guarapuava,4109401,city,1,0,TRUE,181504,0.55095,
4/16/20,PR,Ibaiti,4109708,city,1,0,TRUE,31364,3.18837,
4/16/20,PR,Ibema,4109757,city,11,0,TRUE,6352,173.1738,
4/16/20,PR,Iretama,4110805,city,1,1,TRUE,10169,9.83381,1
4/16/20,PR,Ivaiporã,4111506,city,3,1,TRUE,31984,9.37969,0.3333
4/16/20,PR,Jataizinho,4112702,city,2,0,TRUE,12588,15.88815,
4/16/20,PR,Jussara,4113007,city,1,1,TRUE,7013,14.25923,1
4/16/20,PR,Lapa,4113205,city,2,0,TRUE,48163,4.15257,
4/16/20,PR,Leópolis,4113403,city,1,0,TRUE,3954,25.29084,
4/16/20,PR,Londrina,4113700,city,74,4,TRUE,569733,12.98854,0.0541
4/16/20,PR,Mandirituba,4114302,city,2,0,TRUE,26869,7.44352,
4/16/20,PR,Manoel Ribas,4114500,city,1,1,TRUE,13502,7.40631,1
4/16/20,PR,Marechal Cândido Rondon,4114609,city,2,0,TRUE,52944,3.77758,
4/16/20,PR,Maringá,4115200,city,32,5,TRUE,423666,7.55312,0.1562
4/16/20,PR,Mariópolis,4115309,city,2,0,TRUE,6610,30.25719,
4/16/20,PR,Marumbi,4115507,city,2,0,TRUE,4679,42.74418,
4/16/20,PR,Matinhos,4115705,city,2,0,TRUE,34720,5.76037,
4/16/20,PR,Medianeira,4115804,city,4,0,TRUE,46198,8.65838,
4/16/20,PR,Paiçandu,4117503,city,0,0,TRUE,41281,,
4/16/20,PR,Palmas,4117602,city,1,0,TRUE,50986,1.96132,
4/16/20,PR,Palmeira,4117701,city,2,0,TRUE,33877,5.90371,
4/16/20,PR,Paranaguá,4118204,city,10,2,TRUE,154936,6.45428,0.2
4/16/20,PR,Paranavaí,4118402,city,10,1,TRUE,88374,11.31555,0.1
4/16/20,PR,Pato Branco,4118501,city,7,1,TRUE,82881,8.44584,0.1429
4/16/20,PR,Peabiru,4118808,city,2,0,TRUE,13996,14.2898,
4/16/20,PR,Pinhais,4119152,city,13,1,TRUE,132157,9.83679,0.0769
4/16/20,PR,Pinhão,4119301,city,1,0,TRUE,32391,3.08728,
4/16/20,PR,Piraquara,4119509,city,3,0,TRUE,113036,2.65402,
4/16/20,PR,Ponta Grossa,4119905,city,6,0,TRUE,351736,1.70582,
4/16/20,PR,Primeiro de Maio,4120507,city,2,1,TRUE,11123,17.98076,0.5
4/16/20,PR,Quatiguá,4120705,city,2,1,TRUE,7449,26.84924,0.5
4/16/20,PR,Quatro Barras,4120804,city,1,0,TRUE,23559,4.24466,
4/16/20,PR,Quitandinha,4121208,city,2,0,TRUE,19049,10.49924,
4/16/20,PR,Rio Branco do Sul,4122206,city,3,0,TRUE,32397,9.26012,
4/16/20,PR,Rio Negro,4122305,city,2,0,TRUE,34170,5.85309,
4/16/20,PR,Rolândia,4122404,city,2,0,TRUE,66580,3.00391,
4/16/20,PR,Santa Cruz de Monte Castelo,4123303,city,1,0,TRUE,7800,12.82051,
4/16/20,PR,Santa Fé,4123402,city,7,1,TRUE,12037,58.15403,0.1429
4/16/20,PR,Santa Mônica,4123956,city,3,0,TRUE,3981,75.35795,
4/16/20,PR,Santana do Itararé,4124004,city,1,0,TRUE,4992,20.03205,
4/16/20,PR,Santo Antônio do Caiuá,4124202,city,2,0,TRUE,2641,75.72889,
4/16/20,PR,São João do Caiuá,4124905,city,0,0,TRUE,5855,,
4/16/20,PR,São João do Ivaí,4125001,city,5,0,TRUE,10219,48.92847,
4/16/20,PR,São José dos Pinhais,4125506,city,17,0,TRUE,323340,5.25762,
4/16/20,PR,São Manoel do Paraná,4125555,city,1,0,TRUE,2160,46.2963,
4/16/20,PR,Sarandi,4126256,city,2,0,TRUE,96688,2.06851,
4/16/20,PR,Sertaneja,4126405,city,1,0,TRUE,5284,18.92506,
4/16/20,PR,Telêmaco Borba,4127106,city,6,0,TRUE,78974,7.59744,
4/16/20,PR,Terra Boa,4127205,city,2,0,TRUE,17094,11.70001,
4/16/20,PR,Terra Rica,4127304,city,1,0,TRUE,16789,5.95628,
4/16/20,PR,Toledo,4127700,city,1,0,TRUE,140635,0.71106,
4/16/20,PR,Tupãssi,4127957,city,1,0,TRUE,8124,12.30921,
4/16/20,PR,Umuarama,4128104,city,2,0,TRUE,111557,1.79281,
4/16/20,PR,União da Vitória,4128203,city,3,0,TRUE,57517,5.21585,
4/16/20,PR,Verê,4128609,city,2,0,TRUE,7257,27.5596,
4/16/20,PR,Vitorino,4128708,city,1,0,TRUE,6838,14.62416,
4/16/20,RN,Acari,2400109,city,1,0,TRUE,11136,8.97989,
4/16/20,RN,Açu,2400208,city,16,1,TRUE,58017,27.57812,0.0625
4/16/20,RN,Apodi,2401008,city,5,1,TRUE,35845,13.94895,0.2
4/16/20,RN,Areia Branca,2401107,city,3,0,TRUE,27774,10.80147,
4/16/20,RN,Baía Formosa,2401404,city,1,0,TRUE,9271,10.78632,
4/16/20,RN,Barcelona,2401503,city,1,0,TRUE,3998,25.01251,
4/16/20,RN,Canguaretama,2402204,city,5,1,TRUE,34276,14.58747,0.2
4/16/20,RN,Caraúbas,2402303,city,1,0,TRUE,20493,4.87972,
4/16/20,RN,Carnaubais,2402501,city,1,0,TRUE,10759,9.29454,
4/16/20,RN,Ceará-Mirim,2402600,city,5,0,TRUE,73497,6.803,
4/16/20,RN,Cerro Corá,2402709,city,1,1,TRUE,11179,8.94534,1
4/16/20,RN,Coronel João Pessoa,2402907,city,1,0,TRUE,4912,20.35831,
4/16/20,RN,Currais Novos,2403103,city,1,0,TRUE,44786,2.23284,
4/16/20,RN,Encanto,2403301,city,1,0,TRUE,5638,17.73679,
4/16/20,RN,Extremoz,2403608,city,5,0,TRUE,28583,17.49292,
4/16/20,RN,Ipanguaçu,2404705,city,1,0,TRUE,15491,6.45536,
4/16/20,RN,Januário Cicco,2405306,city,1,0,TRUE,10181,9.82222,
4/16/20,RN,Lagoa de Pedras,2406304,city,1,1,TRUE,7544,13.25557,1
4/16/20,RN,Luís Gomes,2407005,city,1,0,TRUE,10116,9.88533,
4/16/20,RN,Macaíba,2407104,city,6,0,TRUE,80792,7.42648,
4/16/20,RN,Monte Alegre,2407807,city,2,0,TRUE,22451,8.90829,
4/16/20,RN,Mossoró,2408003,city,89,8,TRUE,297378,29.92824,0.0899
4/16/20,RN,Natal,2408102,city,204,5,TRUE,884122,23.07374,0.0245
4/16/20,RN,Nísia Floresta,2408201,city,1,0,TRUE,27602,3.62293,
4/16/20,RN,Parnamirim,2403251,city,57,0,TRUE,261469,21.79991,
4/16/20,RN,Passa e Fica,2409100,city,1,0,TRUE,13277,7.53182,
4/16/20,RN,Pau dos Ferros,2409407,city,1,0,TRUE,30394,3.29012,
4/16/20,RN,Santa Cruz,2411205,city,2,0,TRUE,39674,5.04108,
4/16/20,RN,Santo Antônio,2411502,city,4,0,TRUE,24136,16.57275,
4/16/20,RN,São Gonçalo do Amarante,2412005,city,28,2,TRUE,102400,27.34375,0.0714
4/16/20,RN,São José de Mipibu,2412203,city,2,0,TRUE,43899,4.55591,
4/16/20,RN,São Miguel do Gostoso,2412559,city,1,0,TRUE,10282,9.72573,
4/16/20,RN,São Pedro,2412708,city,1,0,TRUE,5971,16.74761,
4/16/20,RN,Serra de São Bento,2413300,city,1,0,TRUE,5762,17.35509,
4/16/20,RN,Taipu,2413904,city,1,1,TRUE,12279,8.14399,1
4/16/20,RN,Tenente Ananias,2414100,city,2,2,TRUE,10786,18.54256,1
4/16/20,RN,Tibau,2411056,city,2,0,TRUE,4106,48.70921,
4/16/20,SP,Macedônia,3528205,city,0,0,TRUE,3698,,
4/15/20,AM,São Gabriel da Cachoeira,1303809,city,0,0,TRUE,45564,,
4/15/20,CE,Jucás,2307403,city,4,0,TRUE,24833,16.1076,
4/15/20,CE,Trairi,2313500,city,1,0,TRUE,55918,1.78833,
4/15/20,ES,Afonso Cláudio,3200102,city,2,0,TRUE,30586,6.53894,
4/15/20,ES,Alfredo Chaves,3200300,city,2,0,TRUE,14601,13.69769,
4/15/20,ES,Alto Rio Novo,3200359,city,0,0,TRUE,7836,,
4/15/20,ES,Aracruz,3200607,city,7,0,TRUE,101220,6.91563,
4/15/20,ES,Boa Esperança,3201001,city,1,0,TRUE,15037,6.65026,
4/15/20,ES,Bom Jesus do Norte,3201100,city,1,0,TRUE,9936,10.06441,
4/15/20,ES,Cachoeiro de Itapemirim,3201209,city,8,0,TRUE,208972,3.82826,
4/15/20,ES,Cariacica,3201308,city,70,2,TRUE,381285,18.35897,0.0286
4/15/20,ES,Castelo,3201407,city,2,0,TRUE,37534,5.3285,
4/15/20,ES,Colatina,3201506,city,10,0,TRUE,122499,8.16333,
4/15/20,ES,Fundão,3202207,city,5,0,TRUE,21509,23.24608,
4/15/20,ES,Guarapari,3202405,city,4,0,TRUE,124859,3.20361,
4/15/20,ES,Ibiraçu,3202504,city,1,0,TRUE,12479,8.01346,
4/15/20,ES,Itapemirim,3202801,city,2,0,TRUE,34348,5.82276,
4/15/20,ES,Jerônimo Monteiro,3203106,city,1,0,TRUE,12192,8.2021,
4/15/20,ES,Linhares,3203205,city,13,1,TRUE,173555,7.49042,0.0769
4/15/20,ES,Nova Venécia,3203908,city,3,0,TRUE,50110,5.98683,
4/15/20,ES,Santa Leopoldina,3204500,city,1,0,TRUE,12224,8.18063,
4/15/20,ES,Santa Maria de Jetibá,3204559,city,2,0,TRUE,40431,4.9467,
4/15/20,ES,Santa Teresa,3204609,city,4,0,TRUE,23590,16.95634,
4/15/20,ES,São Gabriel da Palha,3204708,city,2,0,TRUE,37947,5.27051,
4/15/20,ES,São José do Calçado,3204807,city,2,0,TRUE,10556,18.94657,
4/15/20,ES,São Mateus,3204906,city,5,1,TRUE,130611,3.82816,0.2
4/15/20,ES,São Roque do Canaã,3204955,city,1,0,TRUE,12415,8.05477,
4/15/20,ES,Serra,3205002,city,183,7,TRUE,517510,35.36164,0.0383
4/15/20,ES,Sooretama,3205010,city,2,0,TRUE,30070,6.65115,
4/15/20,ES,Venda Nova do Imigrante,3205069,city,1,0,TRUE,25277,3.95617,
4/15/20,ES,Viana,3205101,city,7,0,TRUE,78239,8.94694,
4/15/20,ES,Vila Valério,3205176,city,1,0,TRUE,14080,7.10227,
4/15/20,ES,Vila Velha,3205200,city,216,4,TRUE,493838,43.73904,0.0185
4/15/20,ES,Vitória,3205309,city,175,6,TRUE,362097,48.32959,0.0343
4/10/20,RN,Caicó,2402006,city,0,0,TRUE,67952,,
4/6/20,RJ,Trajano de Moraes,3305901,city,0,0,TRUE,10626,,
3/30/20,RS,Camaquã,4303509,city,0,0,TRUE,66261,,